hhid,emig,weight,stratum,psu,block,domain,quarter,week,region,area,zone,psu_centroid_lat,psu_centroid_long,q7_04,q7_05,q7_06,q7_07,q7_08,q7_09,q7_10,q7_11,q7_12,q7_13,q7_14,q7_15,q7_16,q7_17
02 0014 041 4,1,34.81557759575957,02 0,02 0014,5,Coast/Rural,174,8,02,Coast,Rural,7.0134034,-58.488869,Son/daughter,Male,49,Primary,,2002,,Marriage,Canada,Yes,"Employee (for another person, for a company or for the government)",LABOURER,Working,
02 0018 032 1,1,36.0441133937868,02 0,02 0018,6,Coast/Rural,174,12,02,Coast,Rural,7.0428724,-58.486607,Son/daughter,Female,29,Technical/Vocational Certificate or Diploma,ACCOUNTS,2015,,Marriage,Canada,No,,,Keeping the house,No
02 0023 084 5,1,23.08512563578677,02 0,02 0023,6,Coast/Rural,174,11,02,Coast,Rural,7.0595469,-58.483231,Son/daughter,Male,28,Secondary,,2010,,Marriage,U.S.A.,Yes,"Employee (for another person, for a company or for the government)",LABOURER,Working,
02 0023 103 6,1,23.08512563578677,02 0,02 0023,3,Coast/Rural,174,10,02,Coast,Rural,7.0570168,-58.483452,Son/daughter,Male,26,Technical/Vocational Certificate or Diploma,SOCIOLOLOGY AND TEOLOLOGY,2016,,Study,Caribbean country,Yes,"Employee (for another person, for a company or for the government)",TEACHER,Studying,No
02 0044 056 2,1,51.86982129473155,02 0,02 0044,3,Coast/Rural,174,5,02,Coast,Rural,7.123189,-58.476025,Other relative,Female,48,Secondary,,2007,,Marriage,Caribbean country,Yes,"Employee (for another person, for a company or for the government)",ACDOUNTANT,Working,
02 0044 056 2,2,51.86982129473155,02 0,02 0044,3,Coast/Rural,174,5,02,Coast,Rural,7.123189,-58.476025,Other relative,Female,49,Secondary,,2000,,Marriage,U.S.A.,Yes,"Employee (for another person, for a company or for the government)",TEACHER,Working,
02 0044 056 2,3,51.86982129473155,02 0,02 0044,3,Coast/Rural,174,5,02,Coast,Rural,7.123189,-58.476025,Other relative,Female,42,Secondary,,2007,,Marriage,Caribbean country,Yes,"Employee (for another person, for a company or for the government)",TEACHER,Working,
02 0044 065 6,1,51.86982129473155,02 0,02 0044,4,Coast/Rural,174,5,02,Coast,Rural,7.1255331,-58.477013,Son/daughter,Male,41,University / Certificate /Diploma,MATHEMATICS,2008,,Marriage,Caribbean country,Yes,"Employee (for another person, for a company or for the government)",TEACHER,Working,
02 0073 033 0,1,46.97052941050237,02 0,02 0073,5,Coast/Rural,174,7,02,Coast,Rural,7.2007236,-58.490437,Son/daughter,Female,46,Secondary,,2012,,Work,Other European country,Yes,"Employee (for another person, for a company or for the government)",CLERK,Working,
02 0084 020 4,1,24.95503328483261,02 1,02 0084,6,Coast/Urban,174,2,02,Coast,Urban,7.2440972,-58.482128,Son/daughter,Male,43,Secondary,,1992,,Marriage,Great Britain,Yes,"Employee (for another person, for a company or for the government)",LABOURER,Working,
02 0084 020 4,2,24.95503328483261,02 1,02 0084,6,Coast/Urban,174,2,02,Coast,Urban,7.2440972,-58.482128,Son/daughter,Male,37,Secondary,,1996,,Work,Caribbean country,Yes,"Employee (for another person, for a company or for the government)",LABOURER,Other,Yes
02 0084 037 2,1,24.95503328483261,02 1,02 0084,5,Coast/Urban,174,1,02,Coast,Urban,7.2427907,-58.483517,Son/daughter,Female,31,Secondary,,2015,,Marriage,U.S.A.,No,,,Working,
02 0098 017 1,1,24.22582776676932,02 1,02 0098,6,Coast/Urban,174,2,02,Coast,Urban,7.2683272,-58.478668,Son/daughter,Male,31,Secondary,,2013,,Marriage,U.S.A.,No,,,Looking for work,Don't know
02 0102 029 2,1,23.28130128903437,02 1,02 0102,3,Coast/Urban,174,2,02,Coast,Urban,7.2699518,-58.479656,Spouse/ partner,Male,48,Secondary,,2012,,More income,U.S.A.,Yes,"Employee (for another person, for a company or for the government)",WORK AT MILL,Working,
02 0112 088 8,1,26.1109967102926,02 1,02 0112,3,Coast/Urban,174,3,02,Coast,Urban,7.2892766,-58.483017,Son/daughter,Female,25,Secondary,,2015,,Marriage,U.S.A.,No,,,Keeping the house,No
02 0121 077 1,1,23.79408034122293,02 1,02 0121,4,Coast/Urban,174,3,02,Coast,Urban,7.3114238,-58.480011,Son/daughter,Female,18,Secondary,,2016,,Study,Canada,No,,,Studying,No
02 0131 001 0,1,34.76149788449447,02 0,02 0131,4,Coast/Rural,174,4,02,Coast,Rural,7.3465629,-58.487358,Son/daughter,Female,24,Secondary,,2013,,Marriage,Canada,No,,,Keeping the house,No
02 0131 043 1,1,34.76149788449447,02 0,02 0131,6,Coast/Rural,174,4,02,Coast,Rural,7.3587651,-58.495548,Son/daughter,Female,32,Technical/Vocational Certificate or Diploma,TEACHING,2003,,Other,Canada,No,,,Working,
02 0131 043 1,2,34.76149788449447,02 0,02 0131,6,Coast/Rural,174,4,02,Coast,Rural,7.3587651,-58.495548,Son/daughter,Female,30,Technical/Vocational Certificate or Diploma,COMPUTER,2003,,Other,Canada,No,,,Working,
02 0131 043 1,3,34.76149788449447,02 0,02 0131,6,Coast/Rural,174,4,02,Coast,Rural,7.3587651,-58.495548,Son/daughter,Male,29,Technical/Vocational Certificate or Diploma,ENGINEER,2003,,Other,Canada,No,,,Working,
02 0151 005 3,1,22.85355450521181,02 0,02 0151,5,Coast/Rural,174,6,02,Coast,Rural,7.3974385,-58.570213,Son/daughter,Male,27,Secondary,,2007,,Marriage,Caribbean country,Yes,"Employee (for another person, for a company or for the government)",BARBER,Working,
02 0156 103 9,1,25.0509490189346,02 0,02 0156,4,Coast/Rural,174,6,02,Coast,Rural,7.3961844,-58.595924,Other relative,Male,58,Primary,,2001,,Work,U.S.A.,Yes,Self-employed (without paid help),FARMING,Retired,No
02 0156 103 9,2,25.0509490189346,02 0,02 0156,4,Coast/Rural,174,6,02,Coast,Rural,7.3961844,-58.595924,Other relative,Female,56,Primary,,2000,,Other,U.S.A.,No,,,Other,No
02 0156 134 8,1,25.0509490189346,02 0,02 0156,3,Coast/Rural,174,6,02,Coast,Rural,7.3959785,-58.59317,Son/daughter,Female,42,Primary,,1993,,Marriage,South America,No,,,Keeping the house,No
02 0160 048 4,1,26.09628859041078,02 0,02 0160,4,Coast/Rural,174,9,02,Coast,Rural,7.3989129,-58.609585,Other relative,Male,50,Primary,,2004,,Other,U.S.A.,Yes,Self-employed (without paid help),FARMER,Working,
02 0160 059 9,1,26.09628859041078,02 0,02 0160,5,Coast/Rural,174,9,02,Coast,Rural,7.4130249,-58.61198,Son/daughter,Female,22,Secondary,,2017,,Marriage,U.S.A.,No,,,Other,No
02 0189 131 0,1,46.71361905921352,02 0,02 0189,5,Coast/Rural,174,10,02,Coast,Rural,7.5633311,-58.714378,Parent/parent-in-law,Female,64,Technical/Vocational Certificate or Diploma,TEACHING,2002,,Marriage,U.S.A.,Yes,"Employee (for another person, for a company or for the government)",TEACHER,Retired,No
02 0230 016 0,1,30.3812688163878,02 0,02 0230,5,Coast/Rural,174,9,02,Coast,Rural,7.3398128,-58.640274,Son/daughter,Female,41,Secondary,,2000,,Marriage,U.S.A.,Yes,"Employee (for another person, for a company or for the government)",TEACHER,Working,
02 0230 040 3,1,30.3812688163878,02 0,02 0230,6,Coast/Rural,174,9,02,Coast,Rural,7.3403912,-58.641941,Son/daughter,Male,41,Secondary,,1999,,Marriage,Caribbean country,Yes,"Employee (for another person, for a company or for the government)",LABOURER,Working,
02 0230 049 0,1,30.3812688163878,02 0,02 0230,4,Coast/Rural,174,10,02,Coast,Rural,7.3442087,-58.638134,Son/daughter,Female,26,Secondary,,2005,,Family Reunification,U.S.A.,No,,,Working,
02 0245 052 2,1,20.76033901435086,02 0,02 0245,5,Coast/Rural,174,8,02,Coast,Rural,7.5253439,-58.775787,Son/daughter,Female,37,Short Cycle Tertiary,TEACHING,2005,,Marriage,Caribbean country,Yes,"Employee (for another person, for a company or for the government)",TEACHER,Working,
03 0083 004 8,1,52.27156903766674,03 0,03 0083,6,Coast/Rural,174,,03,Coast,Rural,6.707325,-58.210323,Spouse/ partner,Female,51,Secondary,,2007,,More income,U.S.A.,Yes,Self-employed (without paid help),VENDOR,Working,
03 0095 188 5,1,83.82351322892262,03 0,03 0095,4,Coast/Rural,174,11,03,Coast,Rural,6.7230535,-58.206066,Son/daughter,Male,39,Secondary,,2014,,Marriage,Canada,Yes,Self-employed (without paid help),HIRE CAR DRIVER,Working,
03 0095 188 5,2,83.82351322892262,03 0,03 0095,4,Coast/Rural,174,11,03,Coast,Rural,6.7230535,-58.206066,Son/daughter,Male,28,Primary,,2004,,Study,Canada,No,,,Working,
03 0142 219 8,1,47.63516244729956,03 0,03 0142,3,Coast/Rural,174,5,03,Coast,Rural,6.7312403,-58.210995,Son/daughter,Female,44,University / Certificate /Diploma,LAB TECHNICIAN,2007,,Work,Caribbean country,Yes,"Employee (for another person, for a company or for the government)",LAB TECHNICIAN,Working,
03 0142 219 8,2,47.63516244729956,03 0,03 0142,3,Coast/Rural,174,5,03,Coast,Rural,6.7312403,-58.210995,Son/daughter,Female,41,University / Certificate /Diploma,O,2011,,More income,U.S.A.,Yes,"Employee (for another person, for a company or for the government)",GENERAL OFFICE WORK,Working,
03 0142 219 8,3,47.63516244729956,03 0,03 0142,3,Coast/Rural,174,5,03,Coast,Rural,6.7312403,-58.210995,Grand/great-grand child,Female,20,Secondary,,2006,,Study,U.S.A.,No,,,Studying,No
03 0147 092 2,1,49.9530419993329,03 0,03 0147,6,Coast/Rural,174,6,03,Coast,Rural,6.7611976,-58.205616,Son/daughter,Male,35,Secondary,,2016,,Work,Caribbean country,Yes,Self-employed (without paid help),BARER,Working,
03 0158 003 6,1,68.7588931049641,03 0,03 0158,4,Coast/Rural,174,10,03,Coast,Rural,6.7665267,-58.260902,Other relative,Female,35,Secondary,,2002,,More income,Caribbean country,Yes,"Employee (for another person, for a company or for the government)",PRIMARY SCHOOL TEACHER,Working,
03 0158 003 6,2,68.7588931049641,03 0,03 0158,4,Coast/Rural,174,10,03,Coast,Rural,6.7665267,-58.260902,Other relative,Male,30,Secondary,,2007,,Family Reunification,U.S.A.,No,,,Working,
03 0158 017 2,1,68.7588931049641,03 0,03 0158,3,Coast/Rural,174,10,03,Coast,Rural,6.766305,-58.259102,Other relative,Male,32,Secondary,,2010,,Family Reunification,U.S.A.,Yes,"Employee (for another person, for a company or for the government)",CLERK,Working,
03 0158 017 2,2,68.7588931049641,03 0,03 0158,3,Coast/Rural,174,10,03,Coast,Rural,6.766305,-58.259102,Other relative,Male,30,Secondary,,2010,,Family Reunification,U.S.A.,Yes,"Employee (for another person, for a company or for the government)",CLERK,Working,
03 0158 017 2,3,68.7588931049641,03 0,03 0158,3,Coast/Rural,174,10,03,Coast,Rural,6.766305,-58.259102,Other relative,Female,28,Secondary,,2010,,Family Reunification,U.S.A.,Yes,"Employee (for another person, for a company or for the government)",BANK TELLER,Working,
03 0158 017 2,4,68.7588931049641,03 0,03 0158,3,Coast/Rural,174,10,03,Coast,Rural,6.766305,-58.259102,Other relative,Male,68,Secondary,,1998,,Other,U.S.A.,Yes,Self-employed (without paid help),SALESMAN,Other,No
03 0158 017 2,5,68.7588931049641,03 0,03 0158,3,Coast/Rural,174,10,03,Coast,Rural,6.766305,-58.259102,Other relative,Female,66,Secondary,,1998,,Family Reunification,U.S.A.,No,,,Retired,No
03 0158 021 0,1,68.7588931049641,03 0,03 0158,5,Coast/Rural,174,10,03,Coast,Rural,6.7675257,-58.267948,Son/daughter,Female,40,Secondary,,2001,,Work,U.S.A.,No,,,Keeping the house,No
03 0158 021 0,2,68.7588931049641,03 0,03 0158,5,Coast/Rural,174,10,03,Coast,Rural,6.7675257,-58.267948,Son/daughter,Female,37,University / Certificate /Diploma,-1,1999,,Study,Canada,No,,,Working,
03 0158 021 0,3,68.7588931049641,03 0,03 0158,5,Coast/Rural,174,10,03,Coast,Rural,6.7675257,-58.267948,Son/daughter,Female,28,Secondary,,2005,,Crime situation,U.S.A.,No,,,Working,
03 0158 021 0,4,68.7588931049641,03 0,03 0158,5,Coast/Rural,174,10,03,Coast,Rural,6.7675257,-58.267948,Son/daughter,Male,26,Secondary,,2005,,Crime situation,U.S.A.,No,,,Working,
03 0158 022 3,1,68.7588931049641,03 0,03 0158,5,Coast/Rural,174,10,03,Coast,Rural,6.7671437,-58.268383,Other relative,Male,72,University / Certificate /Diploma,MEDICINE,1962,,Study,Great Britain,No,,,Retired,No
03 0158 022 3,2,68.7588931049641,03 0,03 0158,5,Coast/Rural,174,10,03,Coast,Rural,6.7671437,-58.268383,Other relative,Male,69,Secondary,,1968,,Work,Canada,Yes,"Employee (for another person, for a company or for the government)",CLERK,Retired,No
03 0158 022 3,3,68.7588931049641,03 0,03 0158,5,Coast/Rural,174,10,03,Coast,Rural,6.7671437,-58.268383,Other relative,Female,68,Primary,,1972,,Marriage,U.S.A.,No,,,Keeping the house,No
03 0158 022 3,4,68.7588931049641,03 0,03 0158,5,Coast/Rural,174,10,03,Coast,Rural,6.7671437,-58.268383,Other relative,Male,67,Secondary,,1975,,Study,Canada,No,,,Working,
03 0158 022 3,5,68.7588931049641,03 0,03 0158,5,Coast/Rural,174,10,03,Coast,Rural,6.7671437,-58.268383,Other relative,Female,65,Secondary,,1975,,Marriage,Canada,No,,,Working,
03 0158 022 3,6,68.7588931049641,03 0,03 0158,5,Coast/Rural,174,10,03,Coast,Rural,6.7671437,-58.268383,Other relative,Male,63,Secondary,,1976,,Study,Canada,No,,,Working,
03 0158 037 8,1,68.7588931049641,03 0,03 0158,6,Coast/Rural,174,10,03,Coast,Rural,6.7667708,-58.265781,Parent/parent-in-law,Male,62,Secondary,,2015,,Family Reunification,Canada,Yes,"Employee (for another person, for a company or for the government)",OVERSEER SEA DEFENCE,Working,
03 0158 037 8,2,68.7588931049641,03 0,03 0158,6,Coast/Rural,174,10,03,Coast,Rural,6.7667708,-58.265781,Parent/parent-in-law,Female,55,Don't know,-1,2015,,Family Reunification,Canada,No,,,Keeping the house,No
03 0158 037 8,3,68.7588931049641,03 0,03 0158,6,Coast/Rural,174,10,03,Coast,Rural,6.7667708,-58.265781,Spouse/ partner,Female,28,Secondary,,2015,,More income,Canada,Yes,"Employee (for another person, for a company or for the government)",CLERK,Working,
03 0158 037 8,4,68.7588931049641,03 0,03 0158,6,Coast/Rural,174,10,03,Coast,Rural,6.7667708,-58.265781,Son/daughter,Male,3,None,,2015,,Other,Canada,,,,,
03 0180 098 5,1,96.43634006607721,03 0,03 0180,5,Coast/Rural,174,7,03,Coast,Rural,6.768743,-58.237213,Son/daughter,Female,42,Secondary,,2015,,Marriage,U.S.A.,Yes,Self-employed (without paid help),VENDOR,Working,
03 0213 010 4,1,67.65186262563554,03 0,03 0213,6,Coast/Rural,174,9,03,Coast,Rural,6.7855716,-58.226891,Spouse/ partner,Female,37,Secondary,,2017,,Family Reunification,U.S.A.,Yes,"Employee (for another person, for a company or for the government)",SUPERVISOR IN  A KITCHEN (MOH),Looking for work,Yes
03 0213 010 4,2,67.65186262563554,03 0,03 0213,6,Coast/Rural,174,9,03,Coast,Rural,6.7855716,-58.226891,Step/ adopted child,Male,21,Secondary,,2017,,Family Reunification,U.S.A.,No,,,Studying,Yes
03 0235 013 2,1,75.66416655781309,03 0,03 0235,5,Coast/Rural,174,3,03,Coast,Rural,6.7616553,-58.202583,Son/daughter,Female,31,Secondary,,2004,,Marriage,Caribbean country,Yes,"Employee (for another person, for a company or for the government)",OFFICE CLERK,Working,
03 0235 013 2,2,75.66416655781309,03 0,03 0235,5,Coast/Rural,174,3,03,Coast,Rural,6.7616553,-58.202583,Son/daughter,Male,27,Primary,,2008,,Work,Caribbean country,No,,,Working,
03 0235 022 7,1,75.66416655781309,03 0,03 0235,6,Coast/Rural,174,3,03,Coast,Rural,6.761776,-58.203026,Son/daughter,Male,45,Primary,,2000,,Marriage,U.S.A.,Yes,Self-employed (without paid help),PAINTING,Working,
03 0235 052 2,1,75.66416655781309,03 0,03 0235,4,Coast/Rural,174,3,03,Coast,Rural,6.7620664,-58.205685,Son/daughter,Female,30,Secondary,,2008,,Marriage,Caribbean country,Yes,"Employee (for another person, for a company or for the government)",STORE CLERK,Working,
03 0242 125 1,1,34.01002729053317,03 0,03 0242,3,Coast/Rural,174,,03,Coast,Rural,6.772275,-58.199612,Other relative,Male,28,Secondary,,2015,,Other,U.S.A.,Yes,"Employee (for another person, for a company or for the government)",Tyre man,Working,
03 0242 125 1,2,34.01002729053317,03 0,03 0242,3,Coast/Rural,174,,03,Coast,Rural,6.772275,-58.199612,Other relative,Female,53,Secondary,,2015,,Other,U.S.A.,No,,,Keeping the house,Don't know
03 0242 158 9,1,34.01002729053317,03 0,03 0242,3,Coast/Rural,174,,03,Coast,Rural,6.7719612,-58.204277,Son/daughter,Female,31,Secondary,,2006,,Marriage,Canada,Yes,"Employee (for another person, for a company or for the government)",Work study she did,Working,
03 0248 050 1,1,57.02360125291496,03 0,03 0248,5,Coast/Rural,174,4,03,Coast,Rural,6.7842803,-58.195969,Son/daughter,Male,51,Primary,,2011,,Family Reunification,U.S.A.,Yes,Self-employed (without paid help),VENDOR,Working,
03 0248 050 1,2,57.02360125291496,03 0,03 0248,5,Coast/Rural,174,4,03,Coast,Rural,6.7842803,-58.195969,Son/daughter,Male,45,Primary,,-1,1980 - 1989,Family Reunification,U.S.A.,Yes,"Employee (for another person, for a company or for the government)",0,Working,
03 0248 050 1,3,57.02360125291496,03 0,03 0248,5,Coast/Rural,174,4,03,Coast,Rural,6.7842803,-58.195969,Son/daughter,Male,47,Primary,,1990,,Family Reunification,U.S.A.,Yes,"Employee (for another person, for a company or for the government)",DRIVER,Working,
03 0248 064 3,1,57.02360125291496,03 0,03 0248,6,Coast/Rural,174,4,03,Coast,Rural,6.7860146,-58.195484,Son/daughter,Female,48,Don't know,0,1997,,Marriage,Caribbean country,No,,,Working,
03 0254 072 6,1,52.59093659689125,03 0,03 0254,4,Coast/Rural,174,4,03,Coast,Rural,6.7912459,-58.191196,Son/daughter,Male,29,Secondary,,-1,2000 - 2009,Study,U.S.A.,No,,,Working,
03 0254 074 2,1,52.59093659689125,03 0,03 0254,5,Coast/Rural,174,4,03,Coast,Rural,6.7909622,-58.191887,Spouse/ partner,Male,63,Secondary,,1999,,Work,U.S.A.,Yes,"Employee (for another person, for a company or for the government)",CLERK,Working,
03 0254 074 2,2,52.59093659689125,03 0,03 0254,5,Coast/Rural,174,4,03,Coast,Rural,6.7909622,-58.191887,Son/daughter,Female,32,Secondary,,2012,,More income,Canada,Yes,"Employee (for another person, for a company or for the government)",NUSRE,Working,
03 0254 074 2,3,52.59093659689125,03 0,03 0254,5,Coast/Rural,174,4,03,Coast,Rural,6.7909622,-58.191887,Son/daughter,Male,27,Secondary,,2014,,Marriage,U.S.A.,Yes,"Employee (for another person, for a company or for the government)",ELECTRICIAN,Working,
03 0266 049 6,1,38.51319628732121,03 0,03 0266,3,Coast/Rural,174,2,03,Coast,Rural,6.8013234,-58.184311,Son/daughter,Male,38,Secondary,,1994,,Work,Caribbean country,No,,,Working,
03 0266 051 4,1,38.51319628732121,03 0,03 0266,3,Coast/Rural,174,2,03,Coast,Rural,6.8012786,-58.184654,Other relative,Male,66,Primary,,1988,,Marriage,U.S.A.,Yes,Self-employed (without paid help),FARMING,Working,
03 0275 056 5,1,74.80363096034559,03 0,03 0275,6,Coast/Rural,174,5,03,Coast,Rural,6.8091984,-58.186794,Son/daughter,Male,31,Secondary,,2015,,Family Reunification,Great Britain,Yes,"Employee (for another person, for a company or for the government)",AGRICULTURAL WORK,Working,
03 0282 108 2,1,19.76494540234815,03 0,03 0282,3,Coast/Rural,174,1,03,Coast,Rural,6.8111849,-58.195885,Parent/parent-in-law,Male,56,Don't know,0,2017,,Family Reunification,U.S.A.,Yes,Self-employed (without paid help),TAXI DRIVER,Other,No
03 0282 108 2,2,19.76494540234815,03 0,03 0282,3,Coast/Rural,174,1,03,Coast,Rural,6.8111849,-58.195885,Parent/parent-in-law,Female,53,Don't know,0,2017,,Family Reunification,U.S.A.,No,,,Other,No
03 0282 108 2,3,19.76494540234815,03 0,03 0282,3,Coast/Rural,174,1,03,Coast,Rural,6.8111849,-58.195885,Other relative,Female,26,Secondary,,2017,,Family Reunification,U.S.A.,Yes,"Employee (for another person, for a company or for the government)",SALES REPRESENTATIVE,Other,No
03 0282 108 2,4,19.76494540234815,03 0,03 0282,3,Coast/Rural,174,1,03,Coast,Rural,6.8111849,-58.195885,Other relative,Female,19,Secondary,,2017,,Family Reunification,U.S.A.,No,,,Other,No
03 0282 108 2,5,19.76494540234815,03 0,03 0282,3,Coast/Rural,174,1,03,Coast,Rural,6.8111849,-58.195885,Other relative,Male,8,Primary,,2017,,Family Reunification,U.S.A.,,,,,
03 0282 115 1,1,19.76494540234815,03 0,03 0282,5,Coast/Rural,174,1,03,Coast,Rural,6.811172,-58.195419,Other relative,Female,65,Don't know,O,1989,,More income,U.S.A.,No,,,Working,
03 0298 043 4,1,52.30418121740985,03 0,03 0298,4,Coast/Rural,174,1,03,Coast,Rural,6.8432517,-58.231552,Son/daughter,Female,35,Secondary,,1995,,Marriage,U.S.A.,No,,,Keeping the house,No
03 0311 189 1,1,55.03078363822429,03 0,03 0311,6,Coast/Rural,174,2,03,Coast,Rural,6.8573947,-58.252762,Other relative,Female,59,Secondary,,1982,,Marriage,U.S.A.,No,,,Working,
03 0311 189 1,2,55.03078363822429,03 0,03 0311,6,Coast/Rural,174,2,03,Coast,Rural,6.8573947,-58.252762,Other relative,Male,62,Primary,,1989,,Work,U.S.A.,Yes,Self-employed (without paid help),PAINTING OF HOMES,Working,
03 0311 189 1,3,55.03078363822429,03 0,03 0311,6,Coast/Rural,174,2,03,Coast,Rural,6.8573947,-58.252762,Other relative,Female,52,Primary,,1992,,Work,U.S.A.,No,,,Working,
03 0311 231 2,1,55.03078363822429,03 0,03 0311,6,Coast/Rural,174,2,03,Coast,Rural,6.8555207,-58.254959,Son/daughter,Male,34,Secondary,,1985,,Family Reunification,Caribbean country,Yes,Self-employed (with paid help),JOINERY,Working,
03 0311 231 2,2,55.03078363822429,03 0,03 0311,6,Coast/Rural,174,2,03,Coast,Rural,6.8555207,-58.254959,Son/daughter,Female,32,Secondary,,1985,,Marriage,Caribbean country,Yes,"Employee (for another person, for a company or for the government)",SWITCH BOARD OPERATOR,Working,
03 0311 237 7,1,55.03078363822429,03 0,03 0311,4,Coast/Rural,174,2,03,Coast,Rural,6.8571911,-58.254398,Son/daughter,Female,46,University / Certificate /Diploma,EDUCATION,-1,2000 - 2009,Marriage,Caribbean country,Yes,"Employee (for another person, for a company or for the government)",SECONDARY TEACHER,Don't know,Don't know
03 0311 237 7,2,55.03078363822429,03 0,03 0311,4,Coast/Rural,174,2,03,Coast,Rural,6.8571911,-58.254398,Son/daughter,Male,44,Secondary,,2013,,Work,Caribbean country,Yes,"Employee (for another person, for a company or for the government)",CARPENTER,Working,
03 0311 237 7,3,55.03078363822429,03 0,03 0311,4,Coast/Rural,174,2,03,Coast,Rural,6.8571911,-58.254398,Son/daughter,Female,38,Secondary,,2001,,Work,Caribbean country,Yes,"Employee (for another person, for a company or for the government)",SECONDARY TEACHER,Working,
03 0318 062 6,1,68.80863428637596,03 0,03 0318,5,Coast/Rural,174,2,03,Coast,Rural,6.8389173,-58.26276,Son/daughter,Male,26,University / Certificate /Diploma,CHEMISTRY,2016,,Marriage,U.S.A.,Yes,"Employee (for another person, for a company or for the government)",TEACHER,Working,
03 0334 031 1,1,24.43754002516928,03 0,03 0334,3,Coast/Rural,174,6,03,Coast,Rural,6.8633265,-58.274521,Step/ adopted child,Male,50,Secondary,,1976,,Work,Canada,Yes,"Employee (for another person, for a company or for the government)",MACHANIC,Working,
03 0353 060 3,1,49.78979676404097,03 0,03 0353,6,Coast/Rural,174,3,03,Coast,Rural,6.8695683,-58.29575,Son/daughter,Male,22,Secondary,,2016,,Marriage,U.S.A.,No,,,Working,
03 0353 060 3,2,49.78979676404097,03 0,03 0353,6,Coast/Rural,174,3,03,Coast,Rural,6.8695683,-58.29575,Son/daughter,Female,25,Secondary,,2012,,Study,Canada,Yes,"Employee (for another person, for a company or for the government)",LAB TEC,Working,
03 0390 167 2,1,56.6694173942012,03 0,03 0390,5,Coast/Rural,174,4,03,Coast,Rural,6.8807006,-58.324547,Son/daughter,Male,41,Secondary,,1991,,Work,U.S.A.,Yes,"Employee (for another person, for a company or for the government)",WEEDING,Working,
03 0390 167 2,2,56.6694173942012,03 0,03 0390,5,Coast/Rural,174,4,03,Coast,Rural,6.8807006,-58.324547,Son/daughter,Male,49,Primary,,1988,,Marriage,Canada,Yes,"Employee (for another person, for a company or for the government)",BUS CONDUCTER,Working,
03 0390 167 2,3,56.6694173942012,03 0,03 0390,5,Coast/Rural,174,4,03,Coast,Rural,6.8807006,-58.324547,Son/daughter,Female,44,Primary,,1986,,Work,Caribbean country,Yes,"Employee (for another person, for a company or for the government)",DOMESTIC,Working,
03 0438 015 8,1,34.17144644369436,03 0,03 0438,4,Coast/Rural,174,6,03,Coast,Rural,6.8808293,-58.353046,Spouse/ partner,Female,41,Primary,,2017,,Family Reunification,U.S.A.,No,,,Working,
03 0438 015 8,2,34.17144644369436,03 0,03 0438,4,Coast/Rural,174,6,03,Coast,Rural,6.8808293,-58.353046,Son/daughter,Male,17,Secondary,,2017,,Family Reunification,U.S.A.,No,,,Studying,No
03 0438 015 8,3,34.17144644369436,03 0,03 0438,4,Coast/Rural,174,6,03,Coast,Rural,6.8808293,-58.353046,Son/daughter,Female,9,Primary,,2017,,Family Reunification,U.S.A.,,,,,
03 0438 045 9,1,34.17144644369436,03 0,03 0438,5,Coast/Rural,174,6,03,Coast,Rural,6.878293,-58.354698,Son/daughter,Female,39,Primary,,2001,,Other,South America,Yes,Self-employed (without paid help),POULTRY FARMER,Working,
03 0438 045 9,2,34.17144644369436,03 0,03 0438,5,Coast/Rural,174,6,03,Coast,Rural,6.878293,-58.354698,Son/daughter,Female,38,Primary,,2003,,Work,South America,No,,,Working,
03 0438 045 9,3,34.17144644369436,03 0,03 0438,5,Coast/Rural,174,6,03,Coast,Rural,6.878293,-58.354698,Son/daughter,Female,30,Primary,,2013,,Family Reunification,Canada,Yes,Self-employed (without paid help),SELF EMPLOYED (SALES WOMAN),Keeping the house,No
03 0501 170 1,1,42.97430819060259,03 0,03 0501,5,Coast/Rural,174,11,03,Coast,Rural,7.0016122,-58.44878,Parent/parent-in-law,Female,75,Primary,,1977,,Family Reunification,Canada,No,,,Other,No
03 0501 171 7,1,42.97430819060259,03 0,03 0501,6,Coast/Rural,174,11,03,Coast,Rural,7.0018559,-58.44865,Son/daughter,Male,50,Secondary,,1990,,Study,Canada,No,,,Working,
03 0501 174 0,1,42.97430819060259,03 0,03 0501,3,Coast/Rural,174,11,03,Coast,Rural,6.9998207,-58.449673,Son/daughter,Female,31,Secondary,,2012,,Marriage,Caribbean country,Yes,"Employee (for another person, for a company or for the government)",DOMESTIC,Working,
03 0520 060 9,1,50.80363559374879,03 0,03 0520,3,Coast/Rural,174,11,03,Coast,Rural,6.9565105,-58.473717,Parent/parent-in-law,Male,52,Primary,,2013,,Family Reunification,U.S.A.,Yes,"Employee (for another person, for a company or for the government)",FARMER,Working,
03 0520 060 9,2,50.80363559374879,03 0,03 0520,3,Coast/Rural,174,11,03,Coast,Rural,6.9565105,-58.473717,Parent/parent-in-law,Female,40,Primary,,2013,,Family Reunification,U.S.A.,No,,,Don't know,Don't know
03 0547 008 0,1,29.43153613053676,03 0,03 0547,5,Coast/Rural,174,11,03,Coast,Rural,6.9136505,-58.404697,Son/daughter,Male,46,Secondary,,-1,2000 - 2009,Marriage,South America,Yes,"Employee (for another person, for a company or for the government)",CLERK,Working,
03 0547 008 0,2,29.43153613053676,03 0,03 0547,5,Coast/Rural,174,11,03,Coast,Rural,6.9136505,-58.404697,Son/daughter,Female,36,Secondary,,-1,2000 - 2009,Marriage,Canada,Yes,"Employee (for another person, for a company or for the government)",TEACHING,Working,
03 0558 039 4,1,46.97596441887732,03 0,03 0558,5,Coast/Rural,174,11,03,Coast,Rural,6.9556103,-58.408661,Son/daughter,Male,35,Secondary,,2002,,Marriage,Canada,No,,,Working,
04 0020 051 2,1,110.1705906167672,04 0,04 0020,3,Coast/Rural,174,11,04,Coast,Rural,6.648087,-57.92289,Son/daughter,Female,37,Secondary,,2005,,Work,U.S.A.,No,,,Working,
04 0020 071 7,1,110.1705906167672,04 0,04 0020,4,Coast/Rural,174,11,04,Coast,Rural,6.6482315,-57.92197,Son/daughter,Male,49,Secondary,,1997,,Work,U.S.A.,Yes,"Employee (for another person, for a company or for the government)",WELDING,Working,
04 0020 083 5,1,110.1705906167672,04 0,04 0020,5,Coast/Rural,174,11,04,Coast,Rural,6.6475811,-57.921902,Son/daughter,Male,26,Secondary,,2014,,Work,U.S.A.,Yes,"Employee (for another person, for a company or for the government)",CLERK AT GRA,Working,
04 0020 083 5,2,110.1705906167672,04 0,04 0020,5,Coast/Rural,174,11,04,Coast,Rural,6.6475811,-57.921902,Son/daughter,Female,20,Secondary,,2015,,Study,U.S.A.,No,,,Studying,No
04 0020 094 4,1,110.1705906167672,04 0,04 0020,3,Coast/Rural,174,11,04,Coast,Rural,6.6476393,-57.920605,Son/daughter,Female,38,Technical/Vocational Certificate or Diploma,MEDINCINE,2011,,Work,Canada,Yes,"Employee (for another person, for a company or for the government)",SECURITY,Keeping the house,No
04 0057 018 2,1,36.32150419070683,04 0,04 0057,3,Coast/Rural,174,12,04,Coast,Rural,6.7144423,-57.933956,Son/daughter,Female,26,Secondary,,2014,,Marriage,Caribbean country,Yes,"Employee (for another person, for a company or for the government)",SALE REPRESENTATIVE,Keeping the house,No
04 0072 057 7,1,95.74546172720336,04 0,04 0072,3,Coast/Rural,174,12,04,Coast,Rural,6.7246594,-57.950069,Spouse/ partner,Female,65,Secondary,,-1,2010 or after,Work,U.S.A.,No,,,Working,
04 0110 007 5,1,88.28143379685686,04 0,04 0110,3,Coast/Rural,174,1,04,Coast,Rural,6.759254,-57.979191,Parent/parent-in-law,Female,69,Secondary,,2012,,Family Reunification,U.S.A.,Yes,"Employee (for another person, for a company or for the government)",GUYANA TEXTILE MILE,Retired,No
04 0110 013 2,1,88.28143379685686,04 0,04 0110,6,Coast/Rural,174,1,04,Coast,Rural,6.7593889,-57.979836,Son/daughter-in-law,Female,70,Don't know,CHEF,2004,,Work,U.S.A.,Yes,"Employee (for another person, for a company or for the government)",CHEF,Working,
04 0110 013 2,2,88.28143379685686,04 0,04 0110,6,Coast/Rural,174,1,04,Coast,Rural,6.7593889,-57.979836,Other relative,Male,36,Technical/Vocational Certificate or Diploma,ELECTRICAL  ENGINEER,2004,,Work,U.S.A.,Yes,"Employee (for another person, for a company or for the government)",LABOURER  AT GPL,Working,
04 0110 013 2,3,88.28143379685686,04 0,04 0110,6,Coast/Rural,174,1,04,Coast,Rural,6.7593889,-57.979836,Other relative,Female,17,Secondary,,2012,,Study,U.S.A.,No,,,Studying,No
04 0110 036 4,1,88.28143379685686,04 0,04 0110,5,Coast/Rural,174,1,04,Coast,Rural,6.7600651,-57.979218,Parent/parent-in-law,Female,59,Short Cycle Tertiary,SOCIALOGY,2002,,Work,Caribbean country,Yes,"Employee (for another person, for a company or for the government)",PRIMARY TEACHER,Working,
04 0110 036 4,2,88.28143379685686,04 0,04 0110,5,Coast/Rural,174,1,04,Coast,Rural,6.7600651,-57.979218,Other relative,Male,33,Masters,ENVIROMENTAL STUDIES,2009,,Study,U.S.A.,Yes,"Employee (for another person, for a company or for the government)",INSURANCE BROCKERS,Working,
04 0110 045 4,1,88.28143379685686,04 0,04 0110,3,Coast/Rural,174,1,04,Coast,Rural,6.7599192,-57.979366,Son/daughter,Male,33,Technical/Vocational Certificate or Diploma,ELECTRICAL ENGEENIER,2010,,Work,Caribbean country,Yes,"Employee (for another person, for a company or for the government)",LABOURER AT BANKS DIH LIMITED,Working,
04 0135 016 7,1,78.20779370255714,04 0,04 0135,3,Coast/Rural,174,2,04,Coast,Rural,6.7548332,-57.991524,Son/daughter,Male,35,Technical/Vocational Certificate or Diploma,COMPUTER,2014,,Marriage,U.S.A.,Yes,"Employee (for another person, for a company or for the government)",MANAGER,Working,
04 0135 057 5,1,78.20779370255714,04 0,04 0135,5,Coast/Rural,174,2,04,Coast,Rural,6.7570567,-57.99176,Parent/parent-in-law,Female,65,Primary,,1990,,Family Reunification,Canada,Yes,"Employee (for another person, for a company or for the government)",CLEANER,Incapacitated,No
04 0135 088 6,1,78.20779370255714,04 0,04 0135,5,Coast/Rural,174,2,04,Coast,Rural,6.7573972,-57.992317,Son/daughter,Female,59,Secondary,,1985,,Marriage,U.S.A.,Yes,"Employee (for another person, for a company or for the government)",ACCOUNTANT,Working,
04 0135 088 6,2,78.20779370255714,04 0,04 0135,5,Coast/Rural,174,2,04,Coast,Rural,6.7573972,-57.992317,Son/daughter,Female,57,Secondary,,1992,,Marriage,U.S.A.,Yes,"Employee (for another person, for a company or for the government)",SECRETARY,Working,
04 0170 001 9,1,108.5910771935363,04 0,04 0170,6,Coast/Rural,174,3,04,Coast,Rural,6.7688537,-58.007805,Grand/great-grand child,Female,23,Primary,,2013,,Marriage,U.S.A.,No,,,Keeping the house,No
04 0181 034 5,1,105.4275870704037,04 0,04 0181,6,Coast/Rural,174,3,04,Coast,Rural,6.7753048,-58.008381,Son/daughter,Male,38,Secondary,,2008,,Work,Great Britain,Yes,"Employee (for another person, for a company or for the government)",WHEEL ALIMENT SPECIALIST,Working,
04 0181 046 0,1,105.4275870704037,04 0,04 0181,5,Coast/Rural,174,3,04,Coast,Rural,6.7766175,-58.00803,Other relative,Female,59,Don't know,PRISON WARDER,2006,,Work,U.S.A.,No,,,Working,
04 0181 050 0,1,105.4275870704037,04 0,04 0181,4,Coast/Rural,174,3,04,Coast,Rural,6.7770138,-58.007748,Step/ adopted child,Male,40,Secondary,,2005,,Work,U.S.A.,No,,,Working,
04 0192 159 9,1,81.34014719710399,04 0,04 0192,6,Coast/Rural,174,4,04,Coast,Rural,6.7706528,-58.012486,Parent/parent-in-law,Female,63,Secondary,,2009,,Work,Caribbean country,No,,,Working,
04 0207 258 9,1,123.3137487956096,04 0,04 0207,4,Coast/Rural,174,4,04,Coast,Rural,6.7902813,-58.016384,Son/daughter,Female,24,Primary,,2002,,Marriage,U.S.A.,No,,,Working,
04 0217 039 0,1,114.018961375358,04 0,04 0217,4,Coast/Rural,174,4,04,Coast,Rural,6.7925253,-58.024017,Other relative,Female,-1,Primary,,1999,,Work,U.S.A.,,,,,
04 0217 065 0,1,114.018961375358,04 0,04 0217,3,Coast/Rural,174,4,04,Coast,Rural,6.7898254,-58.025158,Other relative,Female,53,Secondary,,1987,,Marriage,Canada,Yes,"Employee (for another person, for a company or for the government)",CLERK,Keeping the house,No
04 0217 065 0,2,114.018961375358,04 0,04 0217,3,Coast/Rural,174,4,04,Coast,Rural,6.7898254,-58.025158,Other relative,Female,50,Secondary,,1992,,Marriage,U.S.A.,Yes,Self-employed (without paid help),CATERING,Working,
04 0217 065 0,3,114.018961375358,04 0,04 0217,3,Coast/Rural,174,4,04,Coast,Rural,6.7898254,-58.025158,Other relative,Male,54,Technical/Vocational Certificate or Diploma,MECHANICAL ENGINEER,2002,,Work,Canada,Yes,"Employee (for another person, for a company or for the government)",REPORTER,Working,
04 0235 037 1,1,75.08491305123972,04 0,04 0235,5,Coast/Rural,174,5,04,Coast,Rural,6.7924943,-58.031635,Son/daughter,Female,20,Primary,,2004,,Other,Caribbean country,No,,,Looking for work,No
04 0291 002 9,1,98.97129448790483,04 0,04 0291,6,Coast/Rural,174,6,04,Coast,Rural,6.8075476,-58.056499,Other relative,Female,50,University / Certificate /Diploma,MARKETING,2007,,Work,Caribbean country,Yes,"Employee (for another person, for a company or for the government)",MANAGER,Working,
04 0291 024 9,1,98.97129448790483,04 0,04 0291,4,Coast/Rural,174,6,04,Coast,Rural,6.8065176,-58.055954,Other relative,Male,41,Secondary,,1990,,Family Reunification,Canada,No,,,Working,
04 0291 027 7,1,98.97129448790483,04 0,04 0291,4,Coast/Rural,174,6,04,Coast,Rural,6.8070703,-58.05534,Son/daughter,Male,67,Secondary,,1973,,Marriage,U.S.A.,No,,,Working,
04 0291 027 7,2,98.97129448790483,04 0,04 0291,4,Coast/Rural,174,6,04,Coast,Rural,6.8070703,-58.05534,Son/daughter,Male,55,Primary,,1975,,Work,U.S.A.,No,,,Working,
04 0291 027 7,3,98.97129448790483,04 0,04 0291,4,Coast/Rural,174,6,04,Coast,Rural,6.8070703,-58.05534,Son/daughter,Male,-1,Don't know,DONT KNOW,-1,1980 - 1989,Work,Canada,,,,,
04 0291 027 7,4,98.97129448790483,04 0,04 0291,4,Coast/Rural,174,6,04,Coast,Rural,6.8070703,-58.05534,Son/daughter,Male,49,Secondary,,-1,1970 - 1979,Work,Caribbean country,No,,,Working,
04 0312 064 3,1,110.8989912158863,04 0,04 0312,6,Coast/Rural,174,7,04,Coast,Rural,6.8004851,-58.064732,Son/daughter,Male,20,Secondary,,2014,,Family Reunification,U.S.A.,No,,,Working,
04 0322 226 7,1,85.09133517809757,04 0,04 0322,3,Coast/Rural,174,7,04,Coast,Rural,6.8087273,-58.071354,Son/daughter,Female,31,Secondary,,2017,,Family Reunification,U.S.A.,No,,,Keeping the house,No
04 0345 111 5,1,98.97946422145964,04 0,04 0345,3,Coast/Rural,174,8,04,Coast,Rural,6.8222246,-58.089794,Son/daughter,Female,26,Secondary,,2011,,Marriage,Canada,No,,,Keeping the house,No
04 0353 220 4,1,75.08321279732675,04 0,04 0353,3,Coast/Rural,174,8,04,Coast,Rural,6.811368,-58.090271,Other relative,Female,62,Secondary,,2005,,Work,Canada,Yes,Self-employed (without paid help),SEAMSTRESS,Looking for work,No
04 0353 254 6,1,75.08321279732675,04 0,04 0353,3,Coast/Rural,174,8,04,Coast,Rural,6.8106279,-58.089649,Other relative,Female,38,Don't know,DONT KNOW,2005,,Marriage,Caribbean country,No,,,Keeping the house,No
04 0379 033 2,1,85.42770653126502,04 0,04 0379,6,Coast/Rural,174,11,04,Coast,Rural,6.8095946,-58.108891,Son/daughter,Female,30,Primary,,2005,,Marriage,U.S.A.,No,,,Other,Don't know
04 0379 044 1,1,85.42770653126502,04 0,04 0379,4,Coast/Rural,174,11,04,Coast,Rural,6.8083668,-58.109745,Other relative,Female,41,Secondary,,2009,,Marriage,U.S.A.,Yes,Self-employed (without paid help),SHOP AND SNACKETTE,Working,
04 0379 089 8,1,85.42770653126502,04 0,04 0379,5,Coast/Rural,174,11,04,Coast,Rural,6.8119984,-58.107582,Son/daughter,Male,36,Secondary,,2009,,Marriage,U.S.A.,Yes,Self-employed (without paid help),FURNITURE MAKER,Working,
04 0391 108 3,1,71.8303843055489,04 1,04 0391,4,Coast/Urban,174,11,04,Coast,Urban,6.8133726,-58.109596,Non relative,Female,32,University / Certificate /Diploma,EDUCATION,2016,,Marriage,U.S.A.,Yes,"Employee (for another person, for a company or for the government)",SECONDARY TEACHER,Looking for work,No
04 0410 020 3,1,62.5684217369099,04 1,04 0410,5,Coast/Urban,174,11,04,Coast,Urban,6.7910833,-58.119225,Grand/great-grand child,Male,19,Secondary,,2017,,Family Reunification,U.S.A.,Yes,"Employee (for another person, for a company or for the government)",LABOURER,Studying,No
04 0410 022 6,1,62.5684217369099,04 1,04 0410,6,Coast/Urban,174,11,04,Coast,Urban,6.7911949,-58.119427,Son/daughter,Male,38,Secondary,,2005,,More income,Caribbean country,Yes,Self-employed (without paid help),SELLING WATER,Working,
04 0435 007 5,1,71.05779005575084,04 1,04 0435,5,Coast/Urban,174,9,04,Coast,Urban,6.7938533,-58.129189,Grand/great-grand child,Female,17,Secondary,,2017,,Family Reunification,Caribbean country,Yes,"Employee (for another person, for a company or for the government)",CUSTOMER REPRESENTATIVE,Other,No
04 0435 021 5,1,71.05779005575084,04 1,04 0435,4,Coast/Urban,174,9,04,Coast,Urban,6.7941284,-58.126904,Son/daughter,Female,33,Masters,MEDICINES,2015,,Work,Caribbean country,Yes,"Employee (for another person, for a company or for the government)",DOCTOR,Working,
04 0435 040 8,1,71.05779005575084,04 1,04 0435,6,Coast/Urban,174,9,04,Coast,Urban,6.7939153,-58.128288,Son/daughter,Female,29,Secondary,,2011,,Marriage,Caribbean country,Yes,"Employee (for another person, for a company or for the government)",BOUNTY SUPER MARKET,Don't know,Don't know
04 0435 040 8,2,71.05779005575084,04 1,04 0435,6,Coast/Urban,174,9,04,Coast,Urban,6.7939153,-58.128288,Son/daughter,Female,27,University / Certificate /Diploma,JOURNALISM,2014,,Study,Caribbean country,Yes,"Employee (for another person, for a company or for the government)",ENVIORMENT HEALTH OFFICER,Working,
04 0446 136 9,1,56.92105243708622,04 1,04 0446,5,Coast/Urban,174,9,04,Coast,Urban,6.808496,-58.123695,Other relative,Female,-1,Don't know,-1,2014,,Family Reunification,U.S.A.,,,,,
04 0446 136 9,2,56.92105243708622,04 1,04 0446,5,Coast/Urban,174,9,04,Coast,Urban,6.808496,-58.123695,Other relative,Male,17,Don't know,-1,2014,,Family Reunification,U.S.A.,No,,,Don't know,Don't know
04 0453 204 4,1,74.10115129327271,04 1,04 0453,5,Coast/Urban,174,9,04,Coast,Urban,6.801868,-58.128819,Parent/parent-in-law,Female,49,Secondary,,2016,,Work,U.S.A.,Yes,"Employee (for another person, for a company or for the government)",SALES CLERK,Working,
04 0461 295 8,1,48.54471027243141,04 1,04 0461,6,Coast/Urban,174,10,04,Coast,Urban,6.8168774,-58.127609,Other relative,Female,55,Don't know,-1,2002,,Don't know,U.S.A.,No,,,Working,
04 0461 295 8,2,48.54471027243141,04 1,04 0461,6,Coast/Urban,174,10,04,Coast,Urban,6.8168774,-58.127609,Other relative,Female,25,Don't know,-1,2002,,Don't know,U.S.A.,No,,,Working,
04 0470 001 8,1,63.54943890209201,04 1,04 0470,4,Coast/Urban,174,,04,Coast,Urban,6.7957745,-58.132206,Son/daughter,Female,26,Secondary,,2008,,Family Reunification,U.S.A.,No,,,Working,
04 0470 001 8,2,63.54943890209201,04 1,04 0470,4,Coast/Urban,174,,04,Coast,Urban,6.7957745,-58.132206,Son/daughter,Female,24,Secondary,,2008,,Family Reunification,U.S.A.,No,,,Working,
04 0470 001 8,3,63.54943890209201,04 1,04 0470,4,Coast/Urban,174,,04,Coast,Urban,6.7957745,-58.132206,Son/daughter,Male,23,Secondary,,2008,,Family Reunification,U.S.A.,No,,,Working,
04 0470 001 8,4,63.54943890209201,04 1,04 0470,4,Coast/Urban,174,,04,Coast,Urban,6.7957745,-58.132206,Son/daughter,Male,19,Secondary,,2008,,Study,U.S.A.,No,,,Studying,No
04 0470 049 2,1,63.54943890209201,04 1,04 0470,4,Coast/Urban,174,12,04,Coast,Urban,6.7962875,-58.132908,Spouse/ partner,Male,53,Primary,,2015,,Work,U.S.A.,Yes,"Employee (for another person, for a company or for the government)",DRILLER,Don't know,Don't know
04 0495 114 1,1,65.71589704648153,04 1,04 0495,5,Coast/Urban,174,2,04,Coast,Urban,6.8152304,-58.133209,Son/daughter,Female,31,Technical/Vocational Certificate or Diploma,CANNOT REMEMBER,2011,,Work,U.S.A.,Yes,"Employee (for another person, for a company or for the government)",PHOTOGR,Working,
04 0504 135 9,1,70.39062001075263,04 1,04 0504,6,Coast/Urban,174,2,04,Coast,Urban,6.8134141,-58.136734,Other relative,Female,53,University / Certificate /Diploma,MEDICINES,-1,2000 - 2009,Marriage,U.S.A.,Yes,"Employee (for another person, for a company or for the government)",DOCTOR,Working,
04 0504 135 9,2,70.39062001075263,04 1,04 0504,6,Coast/Urban,174,2,04,Coast,Urban,6.8134141,-58.136734,Other relative,Female,37,Secondary,,2007,,Marriage,Canada,Yes,"Employee (for another person, for a company or for the government)",CLERK,Working,
04 0504 157 8,1,70.39062001075263,04 1,04 0504,3,Coast/Urban,174,2,04,Coast,Urban,6.8156171,-58.136795,Son/daughter,Male,53,University / Certificate /Diploma,MEDICINE,2001,,Study,U.S.A.,Yes,"Employee (for another person, for a company or for the government)",DOCTOR,Working,
04 0504 157 8,2,70.39062001075263,04 1,04 0504,3,Coast/Urban,174,2,04,Coast,Urban,6.8156171,-58.136795,Son/daughter,Female,51,Secondary,,1985,,Work,Canada,Yes,"Employee (for another person, for a company or for the government)",BANK TELLER,Working,
04 0504 192 9,1,70.39062001075263,04 1,04 0504,4,Coast/Urban,174,2,04,Coast,Urban,6.815124,-58.137653,Parent/parent-in-law,Female,61,Secondary,,2001,,Work,Caribbean country,Yes,"Employee (for another person, for a company or for the government)",SECTARIE,Keeping the house,No
04 0504 192 9,2,70.39062001075263,04 1,04 0504,4,Coast/Urban,174,2,04,Coast,Urban,6.815124,-58.137653,Son/daughter,Male,23,Secondary,,2004,,Study,Caribbean country,No,,,Working,
04 0504 192 9,3,70.39062001075263,04 1,04 0504,4,Coast/Urban,174,2,04,Coast,Urban,6.815124,-58.137653,Other relative,Male,36,University / Certificate /Diploma,ACCOUNTING,-1,2010 or after,Work,U.S.A.,Yes,"Employee (for another person, for a company or for the government)",ACCOUNTANT,Working,
04 0504 192 9,4,70.39062001075263,04 1,04 0504,4,Coast/Urban,174,2,04,Coast,Urban,6.815124,-58.137653,Other relative,Female,32,Secondary,,-1,2000 - 2009,Work,U.S.A.,No,,,Working,
04 0514 059 6,1,92.32306290182913,04 1,04 0514,3,Coast/Urban,174,4,04,Coast,Urban,6.8085384,-58.1385,Parent/parent-in-law,Female,54,Secondary,,2002,,Marriage,Great Britain,Yes,"Employee (for another person, for a company or for the government)",FLIGHT ATTENDANT,Retired,No
04 0523 171 2,1,65.08025220897835,04 1,04 0523,6,Coast/Urban,174,12,04,Coast,Urban,6.8130445,-58.143417,Son/daughter,Male,33,University / Certificate /Diploma,DEVELOPMENT BIOLOGY,2003,,Study,Canada,No,,,Working,
04 0523 171 2,2,65.08025220897835,04 1,04 0523,6,Coast/Urban,174,12,04,Coast,Urban,6.8130445,-58.143417,Son/daughter,Female,45,University / Certificate /Diploma,ACCOUNTING,2003,,Marriage,U.S.A.,Yes,"Employee (for another person, for a company or for the government)",ACCOUNTING,Working,
04 0523 187 5,1,65.08025220897835,04 1,04 0523,5,Coast/Urban,174,12,04,Coast,Urban,6.8135152,-58.14394,Other relative,Female,34,Secondary,,2017,,Family Reunification,U.S.A.,Yes,"Employee (for another person, for a company or for the government)",CUSTOMER REPRESENTATIVE,Keeping the house,No
04 0523 199 7,1,65.08025220897835,04 1,04 0523,6,Coast/Urban,174,12,04,Coast,Urban,6.8135285,-58.14336,Son/daughter,Male,29,Secondary,,-1,2010 or after,Family Reunification,U.S.A.,Yes,"Employee (for another person, for a company or for the government)",TECHNICIAN,Working,
04 0523 202 4,1,65.08025220897835,04 1,04 0523,5,Coast/Urban,174,12,04,Coast,Urban,6.8136282,-58.143154,Other relative,Male,60,Don't know,-1,1977,,Marriage,U.S.A.,Yes,"Employee (for another person, for a company or for the government)",POLICER OFFICER,Working,
04 0523 202 4,2,65.08025220897835,04 1,04 0523,5,Coast/Urban,174,12,04,Coast,Urban,6.8136282,-58.143154,Spouse/ partner,Female,-1,Don't know,-1,-1,Before 1970,Don't know,U.S.A.,,,,,
04 0531 230 3,1,47.73563176789087,04 1,04 0531,6,Coast/Urban,174,1,04,Coast,Urban,6.8186169,-58.138737,Son/daughter,Female,32,University / Certificate /Diploma,SOCIAL WORKERS,2017,,Work,Caribbean country,Yes,"Employee (for another person, for a company or for the government)",COUNCILLOR,Keeping the house,No
04 0531 251 1,1,47.73563176789087,04 1,04 0531,3,Coast/Urban,174,1,04,Coast,Urban,6.8183856,-58.13829,Other relative,Male,51,Secondary,,1992,,Marriage,U.S.A.,Yes,"Employee (for another person, for a company or for the government)",SALES PERSON,Don't know,Don't know
04 0531 251 1,2,47.73563176789087,04 1,04 0531,3,Coast/Urban,174,1,04,Coast,Urban,6.8183856,-58.13829,Other relative,Female,50,Secondary,,1990,,Marriage,U.S.A.,No,,,Working,
04 0531 267 8,1,47.73563176789087,04 1,04 0531,4,Coast/Urban,174,1,04,Coast,Urban,6.8195486,-58.137386,Parent/parent-in-law,Male,64,Secondary,,-1,1980 - 1989,Work,U.S.A.,Yes,"Employee (for another person, for a company or for the government)",ELECTRICIAN,Working,
04 0531 267 8,2,47.73563176789087,04 1,04 0531,4,Coast/Urban,174,1,04,Coast,Urban,6.8195486,-58.137386,Other relative,Female,31,Secondary,,2012,,Work,U.S.A.,Yes,"Employee (for another person, for a company or for the government)",CASHIER,Working,
04 0542 328 6,1,111.0608249647333,04 1,04 0542,5,Coast/Urban,174,1,04,Coast,Urban,6.8232069,-58.139668,Son/daughter,Male,57,Secondary,,2007,,Work,Caribbean country,Yes,"Employee (for another person, for a company or for the government)",COOK,Working,
04 0551 437 4,1,76.76430742424151,04 1,04 0551,6,Coast/Urban,174,2,04,Coast,Urban,6.8191037,-58.144032,Son/daughter,Female,24,Secondary,,2012,,Work,South America,Yes,Self-employed (with paid help),ENTERTAINMENT,Working,
04 0562 484 0,1,48.27079027716376,04 1,04 0562,6,Coast/Urban,174,3,04,Coast,Urban,6.8233304,-58.163136,Son/daughter,Female,16,Primary,,2012,,Other,U.S.A.,No,,,Studying,No
04 0573 552 4,1,38.41581794654076,04 1,04 0573,6,Coast/Urban,174,3,04,Coast,Urban,6.8118215,-58.153248,Other relative,Male,65,Secondary,,-1,2010 or after,Don't know,U.S.A.,Yes,Self-employed (without paid help),TAXI DRIVER,Working,
04 0573 552 4,2,38.41581794654076,04 1,04 0573,6,Coast/Urban,174,3,04,Coast,Urban,6.8118215,-58.153248,Parent/parent-in-law,Female,59,Secondary,,2011,,Work,Great Britain,Yes,"Employee (for another person, for a company or for the government)",FORESTRY OFFICER,Working,
04 0584 615 7,1,35.80172382591816,04 1,04 0584,5,Coast/Urban,174,3,04,Coast,Urban,6.8116841,-58.155403,Son/daughter,Female,33,University / Certificate /Diploma,RADGORGHY,2010,,More income,Caribbean country,Yes,"Employee (for another person, for a company or for the government)",RADFAGOR,Working,
04 0584 617 4,1,35.80172382591816,04 1,04 0584,4,Coast/Urban,174,3,04,Coast,Urban,6.8116779,-58.15554,Son/daughter,Female,22,Secondary,,2017,,Don't know,South America,No,,,Don't know,Don't know
04 0584 618 8,1,35.80172382591816,04 1,04 0584,4,Coast/Urban,174,3,04,Coast,Urban,6.8114672,-58.155258,Other relative,Female,60,Secondary,,2006,,Family Reunification,U.S.A.,No,,,Working,
04 0584 618 8,2,35.80172382591816,04 1,04 0584,4,Coast/Urban,174,3,04,Coast,Urban,6.8114672,-58.155258,Other relative,Female,42,University / Certificate /Diploma,-1,2004,,Family Reunification,U.S.A.,Yes,"Employee (for another person, for a company or for the government)",ACCOUNTANT,Working,
04 0584 618 8,3,35.80172382591816,04 1,04 0584,4,Coast/Urban,174,3,04,Coast,Urban,6.8114672,-58.155258,Other relative,Male,52,Secondary,,2005,,Family Reunification,U.S.A.,Yes,Self-employed (without paid help),SPRAY PAINTER,Working,
04 0584 618 8,4,35.80172382591816,04 1,04 0584,4,Coast/Urban,174,3,04,Coast,Urban,6.8114672,-58.155258,Non relative,Male,61,Don't know,-1,-1,2000 - 2009,Don't know,U.S.A.,No,,,Don't know,Don't know
04 0584 631 0,1,35.80172382591816,04 1,04 0584,3,Coast/Urban,174,3,04,Coast,Urban,6.8113799,-58.154995,Son/daughter,Male,20,University / Certificate /Diploma,BUSINESD,2016,,Study,U.S.A.,Yes,"Employee (for another person, for a company or for the government)",EXTERMINATOR,Studying,No
04 0599 652 5,1,44.53927224378016,04 1,04 0599,5,Coast/Urban,174,5,04,Coast,Urban,6.8070421,-58.160824,Son/daughter,Female,44,University / Certificate /Diploma,EDUCATION,2007,,Marriage,Great Britain,Yes,"Employee (for another person, for a company or for the government)",PRIMARY TEACHER,Working,
04 0614 698 8,1,51.58403126340102,04 1,04 0614,5,Coast/Urban,174,4,04,Coast,Urban,6.8082232,-58.155403,Son/daughter,Female,42,University / Certificate /Diploma,LAW,2012,,Other,Canada,Yes,"Employee (for another person, for a company or for the government)",CLERK,Working,
04 0614 698 8,2,51.58403126340102,04 1,04 0614,5,Coast/Urban,174,4,04,Coast,Urban,6.8082232,-58.155403,Son/daughter,Female,37,Secondary,,2012,,Other,Canada,Yes,"Employee (for another person, for a company or for the government)",CLERK,Working,
04 0614 741 7,1,51.58403126340102,04 1,04 0614,4,Coast/Urban,174,4,04,Coast,Urban,6.8073201,-58.156307,Spouse/ partner,Female,50,University / Certificate /Diploma,NURSING,2000,,More income,U.S.A.,Yes,"Employee (for another person, for a company or for the government)",POLICE,Keeping the house,No
04 0625 008 0,1,52.93382895719373,04 1,04 0625,4,Coast/Urban,174,4,04,Coast,Urban,6.8024435,-58.152039,Other relative,Female,39,University / Certificate /Diploma,-1,-1,2000 - 2009,Work,Caribbean country,Yes,"Employee (for another person, for a company or for the government)",TEACHING,Working,
04 0625 008 0,2,52.93382895719373,04 1,04 0625,4,Coast/Urban,174,4,04,Coast,Urban,6.8024435,-58.152039,Other relative,Male,41,Secondary,,-1,2000 - 2009,Work,Canada,Yes,Self-employed (without paid help),TAXI DRIVER,Working,
04 0625 027 4,1,52.93382895719373,04 1,04 0625,5,Coast/Urban,174,4,04,Coast,Urban,6.8021321,-58.151024,Parent/parent-in-law,Female,75,Don't know,-1,-1,2010 or after,Family Reunification,U.S.A.,Yes,"Employee (for another person, for a company or for the government)",DOMESTIC,Don't know,No
04 0625 050 9,1,52.93382895719373,04 1,04 0625,6,Coast/Urban,174,4,04,Coast,Urban,6.8020306,-58.152031,Son/daughter,Male,32,University / Certificate /Diploma,MEDICAL DOCTOR,2001,,Family Reunification,U.S.A.,No,,,Working,
04 0625 050 9,2,52.93382895719373,04 1,04 0625,6,Coast/Urban,174,4,04,Coast,Urban,6.8020306,-58.152031,Son/daughter,Female,38,Secondary,,2012,,Marriage,Caribbean country,Yes,"Employee (for another person, for a company or for the government)",DOMESTIC,Keeping the house,No
04 0625 071 8,1,52.93382895719373,04 1,04 0625,6,Coast/Urban,174,4,04,Coast,Urban,6.8010483,-58.152149,Son/daughter,Male,41,University / Certificate /Diploma,ACCOUNTANCY,-1,2010 or after,Work,Caribbean country,Yes,"Employee (for another person, for a company or for the government)",DIGICEL,Working,
04 0625 071 8,2,52.93382895719373,04 1,04 0625,6,Coast/Urban,174,4,04,Coast,Urban,6.8010483,-58.152149,Son/daughter,Male,35,Technical/Vocational Certificate or Diploma,ELECTRICAL,-1,2010 or after,Work,U.S.A.,Yes,"Employee (for another person, for a company or for the government)",GUYANA POWER & LIGHT COMPANY,Working,
04 0625 071 8,3,52.93382895719373,04 1,04 0625,6,Coast/Urban,174,4,04,Coast,Urban,6.8010483,-58.152149,Son/daughter,Male,31,Technical/Vocational Certificate or Diploma,-1,-1,2010 or after,Work,U.S.A.,Yes,"Employee (for another person, for a company or for the government)",FIRST AID RESPONDENT,Working,
04 0625 079 4,1,52.93382895719373,04 1,04 0625,6,Coast/Urban,174,4,04,Coast,Urban,6.801363,-58.151859,Son/daughter,Male,64,Primary,,2015,,Work,U.S.A.,Yes,Self-employed (without paid help),PHOTOGRAPHER,Working,
04 0625 079 4,2,52.93382895719373,04 1,04 0625,6,Coast/Urban,174,4,04,Coast,Urban,6.801363,-58.151859,Son/daughter,Male,62,Primary,,2015,,Work,U.S.A.,Yes,Self-employed (without paid help),FARMER,Working,
04 0625 079 4,3,52.93382895719373,04 1,04 0625,6,Coast/Urban,174,4,04,Coast,Urban,6.801363,-58.151859,Son/daughter,Female,61,Primary,,1999,,Work,U.S.A.,Yes,Self-employed (without paid help),CATTERER,Working,
04 0625 092 9,1,52.93382895719373,04 1,04 0625,3,Coast/Urban,174,4,04,Coast,Urban,6.8009176,-58.15136,Other relative,Female,72,Secondary,,1962,,Work,U.S.A.,No,,,Working,
04 0632 119 0,1,50.86897215820236,04 1,04 0632,3,Coast/Urban,174,5,04,Coast,Urban,6.8057518,-58.156624,Other relative,Male,78,University / Certificate /Diploma,ELECTRONICS,1960,,Family Reunification,Other European country,No,,,Don't know,Don't know
04 0632 119 0,2,50.86897215820236,04 1,04 0632,3,Coast/Urban,174,5,04,Coast,Urban,6.8057518,-58.156624,Other relative,Male,76,University / Certificate /Diploma,-1,1960,,Family Reunification,Other European country,No,,,Retired,No
04 0632 119 0,3,50.86897215820236,04 1,04 0632,3,Coast/Urban,174,5,04,Coast,Urban,6.8057518,-58.156624,Other relative,Male,74,University / Certificate /Diploma,MUSIC AND ACCOUNTING,1960,,Family Reunification,Other European country,No,,,Retired,No
04 0632 119 0,4,50.86897215820236,04 1,04 0632,3,Coast/Urban,174,5,04,Coast,Urban,6.8057518,-58.156624,Other relative,Male,68,University / Certificate /Diploma,ACCOUNTANCY,1965,,Family Reunification,U.S.A.,No,,,Working,
04 0632 119 0,5,50.86897215820236,04 1,04 0632,3,Coast/Urban,174,5,04,Coast,Urban,6.8057518,-58.156624,Other relative,Male,70,University / Certificate /Diploma,REFRIDGERATION REPAIRS,1960,,Family Reunification,U.S.A.,No,,,Working,
04 0632 133 4,1,50.86897215820236,04 1,04 0632,3,Coast/Urban,174,5,04,Coast,Urban,6.8066683,-58.155922,Son/daughter,Female,43,Masters,COMPUTER STUDY,-1,1990 - 1999,Political reasons,U.S.A.,No,,,Working,
04 0632 133 4,2,50.86897215820236,04 1,04 0632,3,Coast/Urban,174,5,04,Coast,Urban,6.8066683,-58.155922,Son/daughter,Female,37,Bachelor's degree,BUSINESS,1993,,Political reasons,U.S.A.,No,,,Working,
04 0632 133 4,3,50.86897215820236,04 1,04 0632,3,Coast/Urban,174,5,04,Coast,Urban,6.8066683,-58.155922,Son/daughter,Male,32,Masters,FINANCE,1993,,Political reasons,U.S.A.,No,,,Working,
04 0632 133 4,4,50.86897215820236,04 1,04 0632,3,Coast/Urban,174,5,04,Coast,Urban,6.8066683,-58.155922,Spouse/ partner,Female,58,Technical/Vocational Certificate or Diploma,COSMETOLOGY,1993,,Political reasons,U.S.A.,Yes,Self-employed (with paid help),COSMETOLOGIST,Working,
04 0655 003 2,1,47.96854830707679,04 1,04 0655,3,Coast/Urban,174,5,04,Coast,Urban,6.8013463,-58.162548,Son/daughter,Female,51,Secondary,,1995,,Marriage,Canada,Yes,"Employee (for another person, for a company or for the government)",CLERK,Working,
04 0655 003 2,2,47.96854830707679,04 1,04 0655,3,Coast/Urban,174,5,04,Coast,Urban,6.8013463,-58.162548,Son/daughter,Male,45,Secondary,,1991,,Marriage,Canada,Yes,"Employee (for another person, for a company or for the government)",TYPIST CLERK,Working,
04 0663 067 3,1,42.83702918585462,04 1,04 0663,6,Coast/Urban,174,7,04,Coast,Urban,6.7981262,-58.159004,Son/daughter,Female,38,University / Certificate /Diploma,ENGLISH,2007,,Work,Caribbean country,Yes,"Employee (for another person, for a company or for the government)",TEACHER,Working,
04 0667 081 5,1,50.72023247352925,04 1,04 0667,5,Coast/Urban,174,5,04,Coast,Urban,6.7989111,-58.163788,Son/daughter,Female,23,Secondary,,2016,,Work,U.S.A.,Yes,"Employee (for another person, for a company or for the government)",HAIR DRESSER,Working,
04 0667 089 1,1,50.72023247352925,04 1,04 0667,4,Coast/Urban,174,5,04,Coast,Urban,6.7987223,-58.163548,Other relative,Female,-1,Don't know,-1,-1,Before 1970,Don't know,U.S.A.,,,,,
04 0673 037 3,1,49.08409594212508,04 1,04 0673,3,Coast/Urban,174,7,04,Coast,Urban,6.7967558,-58.153816,Spouse/ partner,Female,61,University / Certificate /Diploma,SOCIOLOGY,2000,,Family Reunification,U.S.A.,Yes,"Employee (for another person, for a company or for the government)",SALES REPRESENTATIVE,Working,
04 0680 003 2,1,61.21724325366161,04 1,04 0680,4,Coast/Urban,174,6,04,Coast,Urban,6.7952638,-58.155304,Son/daughter,Male,40,Secondary,,-1,2010 or after,Work,Caribbean country,Yes,"Employee (for another person, for a company or for the government)",-1,Don't know,Don't know
04 0680 003 2,2,61.21724325366161,04 1,04 0680,4,Coast/Urban,174,6,04,Coast,Urban,6.7952638,-58.155304,Son/daughter,Male,32,Secondary,,-1,2010 or after,Work,Caribbean country,Yes,"Employee (for another person, for a company or for the government)",SOLDIER,Don't know,Don't know
04 0680 003 2,3,61.21724325366161,04 1,04 0680,4,Coast/Urban,174,6,04,Coast,Urban,6.7952638,-58.155304,Son/daughter,Male,28,Secondary,,-1,2010 or after,Work,Caribbean country,Yes,"Employee (for another person, for a company or for the government)",LABOURER,Don't know,Don't know
04 0680 010 7,1,61.21724325366161,04 1,04 0680,4,Coast/Urban,174,6,04,Coast,Urban,6.795516,-58.156044,Other relative,Male,89,Primary,,1968,,Work,Canada,Yes,Self-employed (without paid help),TAXI DRIIVER,Don't know,Don't know
04 0680 028 7,1,61.21724325366161,04 1,04 0680,3,Coast/Urban,174,6,04,Coast,Urban,6.7958069,-58.157551,Other relative,Female,95,Don't know,-1,-1,1970 - 1979,Work,U.S.A.,Yes,Self-employed (without paid help),SEAMSTRESS,Retired,No
04 0680 059 6,1,61.21724325366161,04 1,04 0680,6,Coast/Urban,174,6,04,Coast,Urban,6.796771,-58.161121,Son/daughter,Female,42,Secondary,,2002,,Marriage,U.S.A.,Yes,"Employee (for another person, for a company or for the government)",OFFICE CLERK,Keeping the house,No
04 0680 059 6,2,61.21724325366161,04 1,04 0680,6,Coast/Urban,174,6,04,Coast,Urban,6.796771,-58.161121,Son/daughter,Female,35,Secondary,,2004,,Study,Caribbean country,Yes,"Employee (for another person, for a company or for the government)",-1,Working,
04 0697 044 5,1,53.42782124673792,04 1,04 0697,6,Coast/Urban,174,2,04,Coast,Urban,6.8018808,-58.143471,Other relative,Female,50,Secondary,,1997,,Marriage,Caribbean country,No,,,Working,
04 0697 079 1,1,53.42782124673792,04 1,04 0697,6,Coast/Urban,174,2,04,Coast,Urban,6.8012767,-58.144405,Son/daughter,Male,22,Technical/Vocational Certificate or Diploma,AERONAUTICAL,2015,,Study,U.S.A.,No,,,Studying,No
04 0731 012 9,1,65.03642712331573,04 1,04 0731,6,Coast/Urban,174,7,04,Coast,Urban,6.7901049,-58.142731,Son/daughter,Female,34,Secondary,,2004,,Study,U.S.A.,No,,,Working,
04 0731 045 6,1,65.03642712331573,04 1,04 0731,5,Coast/Urban,174,7,04,Coast,Urban,6.7888298,-58.142376,Son/daughter,Female,49,Don't know,-1,2008,,Marriage,Caribbean country,Yes,"Employee (for another person, for a company or for the government)",PAR LEGAL,Don't know,Don't know
04 0731 051 6,1,65.03642712331573,04 1,04 0731,5,Coast/Urban,174,7,04,Coast,Urban,6.7895751,-58.142143,Other relative,Female,41,Secondary,,2002,,Work,Caribbean country,Yes,Self-employed (without paid help),HAIR DRESSER,Working,
04 0731 051 6,2,65.03642712331573,04 1,04 0731,5,Coast/Urban,174,7,04,Coast,Urban,6.7895751,-58.142143,Other relative,Male,36,Secondary,,2005,,Work,Caribbean country,Yes,"Employee (for another person, for a company or for the government)",CONSTRUCTION,Working,
04 0731 051 6,3,65.03642712331573,04 1,04 0731,5,Coast/Urban,174,7,04,Coast,Urban,6.7895751,-58.142143,Other relative,Female,16,Secondary,,2010,,Study,Caribbean country,No,,,Studying,Don't know
04 0731 051 6,4,65.03642712331573,04 1,04 0731,5,Coast/Urban,174,7,04,Coast,Urban,6.7895751,-58.142143,Other relative,Female,14,Secondary,,-1,2010 or after,Study,Caribbean country,,,,,
04 0731 051 6,5,65.03642712331573,04 1,04 0731,5,Coast/Urban,174,7,04,Coast,Urban,6.7895751,-58.142143,Other relative,Female,12,Primary,,-1,2010 or after,Study,Caribbean country,,,,,
04 0740 056 5,1,97.07743419664739,04 1,04 0740,6,Coast/Urban,174,8,04,Coast,Urban,6.7886333,-58.122452,Step/ adopted child,Male,33,Secondary,,2011,,Work,U.S.A.,Yes,"Employee (for another person, for a company or for the government)",TECHNICIAN,Working,
04 0740 074 0,1,97.07743419664739,04 1,04 0740,3,Coast/Urban,174,8,04,Coast,Urban,6.788486,-58.122292,Son/daughter,Female,26,University / Certificate /Diploma,AGRICULTURE,2016,,Study,U.S.A.,Yes,"Employee (for another person, for a company or for the government)",CLERK,Studying,No
04 0748 003 0,1,58.60040025743503,04 1,04 0748,4,Coast/Urban,174,8,04,Coast,Urban,6.7834949,-58.127731,Grand/great-grand child,Female,98,Don't know,-1,-1,2000 - 2009,Family Reunification,U.S.A.,Yes,Don't know,-1,Retired,No
04 0748 029 2,1,58.60040025743503,04 1,04 0748,4,Coast/Urban,174,8,04,Coast,Urban,6.7835646,-58.126747,Son/daughter,Female,30,Masters,NUTRITION,2016,,Study,Great Britain,Yes,"Employee (for another person, for a company or for the government)",SUPERVISOR / NUTRITIONIST,Studying,No
04 0748 052 3,1,58.60040025743503,04 1,04 0748,3,Coast/Urban,174,8,04,Coast,Urban,6.7839327,-58.12587,Son/daughter,Female,39,Secondary,,-1,2000 - 2009,Work,Caribbean country,Yes,"Employee (for another person, for a company or for the government)",IMMIGRATION  OFFICER,Working,
04 0748 075 8,1,58.60040025743503,04 1,04 0748,6,Coast/Urban,174,8,04,Coast,Urban,6.7825527,-58.124058,Son/daughter,Female,46,University / Certificate /Diploma,TEACHER,-1,1990 - 1999,Marriage,Great Britain,Yes,"Employee (for another person, for a company or for the government)",TEACHER,Working,
04 0763 037 2,1,103.9632445338517,04 1,04 0763,4,Coast/Urban,174,9,04,Coast,Urban,6.7811985,-58.125179,Son/daughter,Female,52,Don't know,-1,-1,1980 - 1989,Marriage,U.S.A.,Yes,"Employee (for another person, for a company or for the government)",CUSTOMS BROKER,Working,
04 0763 037 2,2,103.9632445338517,04 1,04 0763,4,Coast/Urban,174,9,04,Coast,Urban,6.7811985,-58.125179,Son/daughter,Male,51,Don't know,-1,2014,,Family Reunification,U.S.A.,Yes,"Employee (for another person, for a company or for the government)",PLUMBING,Working,
04 0763 087 1,1,103.9632445338517,04 1,04 0763,6,Coast/Urban,174,8,04,Coast,Urban,6.780386,-58.125923,Son/daughter,Male,41,Technical/Vocational Certificate or Diploma,EDUCATION,2017,,Marriage,U.S.A.,Yes,"Employee (for another person, for a company or for the government)",SECONDARY SCHOOL TEACHER,Other,No
04 0774 075 3,1,62.52270477017048,04 1,04 0774,5,Coast/Urban,174,5,04,Coast,Urban,6.7785044,-58.123264,Grand/great-grand child,Male,51,Secondary,,1980,,Study,Other,Yes,"Employee (for another person, for a company or for the government)",TEACHER,Working,
04 0782 118 7,1,77.96280469752486,04 1,04 0782,3,Coast/Urban,174,4,04,Coast,Urban,6.787859,-58.149742,Spouse/ partner,Female,60,Secondary,,2001,,Family Reunification,U.S.A.,Yes,"Employee (for another person, for a company or for the government)",SECURITY GUARD AT GUYANA NATIONAL SHIPING,Working,
04 0796 003 6,1,71.7899327616922,04 1,04 0796,5,Coast/Urban,174,2,04,Coast,Urban,6.7919931,-58.155472,Parent/parent-in-law,Female,59,Secondary,,2015,,Family Reunification,U.S.A.,Yes,Self-employed (without paid help),BUSINESS WOMAN,Working,
04 0796 003 6,2,71.7899327616922,04 1,04 0796,5,Coast/Urban,174,2,04,Coast,Urban,6.7919931,-58.155472,Parent/parent-in-law,Male,58,Secondary,,2017,,Family Reunification,U.S.A.,Yes,Unpaid family workers,WORKED WITH WIFE AT THEIR HOME BASE BUSINESS,Working,
04 0796 005 8,1,71.7899327616922,04 1,04 0796,5,Coast/Urban,174,2,04,Coast,Urban,6.791996,-58.155521,Son/daughter,Male,43,Secondary,,-1,1970 - 1979,Family Reunification,Caribbean country,Yes,Self-employed (without paid help),MOVING VENDOR,Working,
04 0796 056 3,1,71.7899327616922,04 1,04 0796,4,Coast/Urban,174,2,04,Coast,Urban,6.7929745,-58.154934,Son/daughter,Female,56,University / Certificate /Diploma,JOURALISTIUM,2005,,Political reasons,Other European country,Yes,"Employee (for another person, for a company or for the government)",POLITICAL JOURALIST,Working,
04 0801 026 1,1,71.42834857249545,04 1,04 0801,3,Coast/Urban,174,1,04,Coast,Urban,6.7922134,-58.160744,Son/daughter,Male,55,Secondary,,-1,1970 - 1979,More income,U.S.A.,Yes,"Employee (for another person, for a company or for the government)",ELECTRICAL TECH...,Working,
04 0801 037 1,1,71.42834857249545,04 1,04 0801,5,Coast/Urban,174,1,04,Coast,Urban,6.7924852,-58.161495,Parent/parent-in-law,Female,67,Primary,,2014,,More income,U.S.A.,Yes,"Employee (for another person, for a company or for the government)",TEACHER SECONDARY,Working,
04 0801 128 7,1,71.42834857249545,04 1,04 0801,4,Coast/Urban,174,1,04,Coast,Urban,6.7944684,-58.16124,Son/daughter,Female,43,Secondary,,1995,,Other,U.S.A.,Yes,"Employee (for another person, for a company or for the government)",DON'T KNOW,Working,
04 0813 131 7,1,58.24646051798842,04 1,04 0813,6,Coast/Urban,174,6,04,Coast,Urban,6.7945852,-58.168037,Other relative,Female,45,Secondary,,2000,,Marriage,U.S.A.,Yes,"Employee (for another person, for a company or for the government)",SECRETARY,Working,
04 0813 170 3,1,58.24646051798842,04 1,04 0813,4,Coast/Urban,174,6,04,Coast,Urban,6.7965279,-58.167187,Son/daughter,Female,41,Secondary,,2002,,Marriage,U.S.A.,Yes,"Employee (for another person, for a company or for the government)",CLERK,Keeping the house,No
04 0813 206 2,1,58.24646051798842,04 1,04 0813,5,Coast/Urban,174,6,04,Coast,Urban,6.7961478,-58.165401,Spouse/ partner,Male,40,Secondary,,2006,,Family Reunification,Caribbean country,Yes,"Employee (for another person, for a company or for the government)",MACHINERY OPERATOR,Working,
04 0829 064 1,1,50.6179739403165,04 1,04 0829,5,Coast/Urban,174,7,04,Coast,Urban,6.7814655,-58.16993,Parent/parent-in-law,Female,87,Primary,,2003,,Family Reunification,U.S.A.,Yes,Don't know,0,Retired,No
04 0829 064 1,2,50.6179739403165,04 1,04 0829,5,Coast/Urban,174,7,04,Coast,Urban,6.7814655,-58.16993,Other relative,Female,57,Secondary,,2003,,Family Reunification,U.S.A.,No,,,Working,
04 0829 064 1,3,50.6179739403165,04 1,04 0829,5,Coast/Urban,174,7,04,Coast,Urban,6.7814655,-58.16993,Other relative,Male,34,Technical/Vocational Certificate or Diploma,MECHANICS,2002,,Marriage,U.S.A.,No,,,Working,
04 0829 064 1,4,50.6179739403165,04 1,04 0829,5,Coast/Urban,174,7,04,Coast,Urban,6.7814655,-58.16993,Other relative,Male,33,Secondary,,2002,,Family Reunification,U.S.A.,No,,,Working,
04 0839 133 4,1,50.77665097461216,04 1,04 0839,5,Coast/Urban,174,7,04,Coast,Urban,6.7772574,-58.169136,Spouse/ partner,Male,50,Secondary,,2008,,Family Reunification,U.S.A.,Yes,"Employee (for another person, for a company or for the government)",LABOURER AT GUYANA DEMERARA OXEYGNE COMPANY,Working,
04 0839 156 0,1,50.77665097461216,04 1,04 0839,6,Coast/Urban,174,7,04,Coast,Urban,6.7765036,-58.17025,Son/daughter,Male,30,Primary,,2002,,Family Reunification,U.S.A.,No,,,Working,
04 0839 156 0,2,50.77665097461216,04 1,04 0839,6,Coast/Urban,174,7,04,Coast,Urban,6.7765036,-58.17025,Son/daughter,Female,27,Primary,,2002,,Family Reunification,U.S.A.,No,,,Working,
04 0839 159 4,1,50.77665097461216,04 1,04 0839,4,Coast/Urban,174,7,04,Coast,Urban,6.7768078,-58.170303,Son/daughter,Female,24,None,,1996,,Family Reunification,U.S.A.,No,,,Working,
04 0839 164 4,1,50.77665097461216,04 1,04 0839,4,Coast/Urban,174,7,04,Coast,Urban,6.7775145,-58.170258,Other relative,Male,40,Don't know,Nil,2006,,Don't know,Great Britain,Yes,"Employee (for another person, for a company or for the government)",SALE REP...,Working,
04 0851 030 5,1,92.83757329376975,04 0,04 0851,3,Coast/Rural,174,7,04,Coast,Rural,6.7715364,-58.1702,Son/daughter,Female,45,Secondary,,2010,,Marriage,U.S.A.,Yes,"Employee (for another person, for a company or for the government)",CLERK AT A LAW FIRM,Working,
04 0851 074 9,1,92.83757329376975,04 0,04 0851,6,Coast/Rural,174,7,04,Coast,Rural,6.7693834,-58.169735,Son/daughter,Male,33,Secondary,,2008,,Marriage,Caribbean country,No,,,Working,
04 0874 051 8,1,115.606639495884,04 0,04 0874,6,Coast/Rural,174,9,04,Coast,Rural,6.7341084,-58.161018,Spouse/ partner,Male,47,Secondary,,-1,2000 - 2009,Don't know,Other,Yes,"Employee (for another person, for a company or for the government)",RESPONSDANT DOESN'T WANT TO PROVIDE ANY INFORMATION ABOUT HER DAD,Don't know,Don't know
04 0874 073 2,1,115.606639495884,04 0,04 0874,5,Coast/Rural,174,9,04,Coast,Rural,6.7328486,-58.160698,Parent/parent-in-law,Male,61,Secondary,,2006,,Work,U.S.A.,Yes,Self-employed (without paid help),ELECTRICIAN,Working,
04 0874 073 2,2,115.606639495884,04 0,04 0874,5,Coast/Rural,174,9,04,Coast,Rural,6.7328486,-58.160698,Parent/parent-in-law,Female,61,Technical/Vocational Certificate or Diploma,CATERING,2010,,Work,U.S.A.,Yes,Self-employed (without paid help),CATERING,Working,
04 0928 034 7,1,172.8062108364007,04 0,04 0928,4,Coast/Rural,174,11,04,Coast,Rural,6.7039537,-58.160435,Spouse/ partner,Male,55,Secondary,,1993,,Work,U.S.A.,Yes,"Employee (for another person, for a company or for the government)",POLICE,Working,
04 0928 037 5,1,172.8062108364007,04 0,04 0928,6,Coast/Rural,174,11,04,Coast,Rural,6.7034421,-58.160889,Son/daughter,Female,32,Secondary,,2007,,Marriage,U.S.A.,Yes,"Employee (for another person, for a company or for the government)",0,Keeping the house,No
04 0953 216 3,1,106.7660170726366,04 0,04 0953,4,Coast/Rural,174,10,04,Coast,Rural,6.7050095,-58.174023,Grand/great-grand child,Female,14,Secondary,,2016,,Study,U.S.A.,,,,,
04 0969 105 7,1,91.26006078067043,04 0,04 0969,5,Coast/Rural,174,12,04,Coast,Rural,6.6997037,-58.175423,Son/daughter,Female,38,University / Certificate /Diploma,EDUCATION,2007,,Study,Caribbean country,Yes,"Employee (for another person, for a company or for the government)",TEACHER,Working,
04 1014 104 3,1,89.60433240520138,04 0,04 1014,3,Coast/Rural,174,10,04,Coast,Rural,6.6391826,-58.188892,Son/daughter,Female,32,Don't know,0,2002,,Family Reunification,U.S.A.,Yes,Don't know,0,Working,
04 1014 104 3,2,89.60433240520138,04 0,04 1014,3,Coast/Rural,174,10,04,Coast,Rural,6.6391826,-58.188892,Grand/great-grand child,Female,15,Secondary,,2009,,Study,U.S.A.,No,,,Studying,No
04 1025 005 3,1,104.0459755462956,04 0,04 1025,4,Coast/Rural,174,12,04,Coast,Rural,6.5897384,-58.209877,Non relative,Male,0,Don't know,0,2017,,Family Reunification,U.S.A.,,,,,
04 1025 005 3,2,104.0459755462956,04 0,04 1025,4,Coast/Rural,174,12,04,Coast,Rural,6.5897384,-58.209877,Other relative,Female,0,Don't know,0,2017,,Family Reunification,U.S.A.,,,,,
04 1054 118 2,1,50.44653359820393,04 0,04 1054,3,Coast/Rural,174,9,04,Coast,Rural,6.5063243,-58.249897,Spouse/ partner,Male,47,Secondary,,-1,1990 - 1999,More income,Caribbean country,Yes,"Employee (for another person, for a company or for the government)",AIRPORT ATTENDANT,Working,
04 1090 155 4,1,89.93896275794069,04 0,04 1090,5,Coast/Rural,174,7,04,Coast,Rural,6.4035115,-58.237755,Son/daughter,Male,40,Secondary,,2008,,Don't know,Caribbean country,Yes,"Employee (for another person, for a company or for the government)",POLICE OFFICER,Don't know,Don't know
04 1090 155 4,2,89.93896275794069,04 0,04 1090,5,Coast/Rural,174,7,04,Coast,Rural,6.4035115,-58.237755,Grand/great-grand child,Female,20,Secondary,,2014,,Family Reunification,Caribbean country,No,,,Other,No
04 1090 157 7,1,89.93896275794069,04 0,04 1090,4,Coast/Rural,174,7,04,Coast,Rural,6.4037113,-58.237335,Son/daughter,Female,19,Secondary,,2012,,Family Reunification,Caribbean country,No,,,Working,
04 1090 157 7,2,89.93896275794069,04 0,04 1090,4,Coast/Rural,174,7,04,Coast,Rural,6.4037113,-58.237335,Son/daughter,Female,18,Secondary,,2012,,Family Reunification,Caribbean country,No,,,Studying,No
04 1105 023 7,1,131.9617259838732,04 0,04 1105,5,Coast/Rural,174,8,04,Coast,Rural,5.2677956,-58.063019,Spouse/ partner,Female,42,Secondary,,2011,,Work,Caribbean country,No,,,Working,
04 1105 092 6,1,131.9617259838732,04 0,04 1105,6,Coast/Rural,174,8,04,Coast,Rural,6.5359731,-58.199696,Parent/parent-in-law,Female,53,Don't know,FOOD AND NUTRITION,2010,,Family Reunification,U.S.A.,Yes,"Employee (for another person, for a company or for the government)",CATERER,Working,
04 1105 092 6,2,131.9617259838732,04 0,04 1105,6,Coast/Rural,174,8,04,Coast,Rural,6.5359731,-58.199696,Other relative,Male,26,Don't know,HE WENT TO COLLEGE BUT HE DONT KNOW WHAT HE STUDIED,2010,,Family Reunification,U.S.A.,No,,,Working,
04 1105 092 6,3,131.9617259838732,04 0,04 1105,6,Coast/Rural,174,8,04,Coast,Rural,6.5359731,-58.199696,Other relative,Female,19,University / Certificate /Diploma,DONT KNOW,2010,,Family Reunification,U.S.A.,No,,,Studying,Yes
05 0036 056 2,1,32.40131248381907,05 0,05 0036,6,Coast/Rural,174,9,05,Coast,Rural,6.2320485,-57.542889,Son/daughter,Female,32,Secondary,,2003,,Family Reunification,Caribbean country,No,,,Working,
05 0041 022 9,1,32.99056189786788,05 0,05 0041,4,Coast/Rural,174,11,05,Coast,Rural,6.2364297,-57.540771,Son/daughter,Male,41,Secondary,,1999,,Work,U.S.A.,Yes,"Employee (for another person, for a company or for the government)",SECURITY,Working,
05 0041 022 9,2,32.99056189786788,05 0,05 0041,4,Coast/Rural,174,11,05,Coast,Rural,6.2364297,-57.540771,Son/daughter,Male,32,Secondary,,2002,,Work,U.S.A.,No,,,Working,
05 0045 026 2,1,27.52628663528107,05 0,05 0045,4,Coast/Rural,174,12,05,Coast,Rural,6.2474117,-57.540977,Son/daughter,Female,25,Secondary,,2014,,Marriage,U.S.A.,Yes,"Employee (for another person, for a company or for the government)",TAX COLLECTOR,Studying,No
05 0051 063 4,1,32.31392620484066,05 0,05 0051,6,Coast/Rural,174,3,05,Coast,Rural,6.2712779,-57.541428,Spouse/ partner,Female,64,Technical/Vocational Certificate or Diploma,AGRICULTURE,2002,,Family Reunification,U.S.A.,Yes,"Employee (for another person, for a company or for the government)",FEILD SUPERVISOR,Retired,No
05 0051 063 4,2,32.31392620484066,05 0,05 0051,6,Coast/Rural,174,3,05,Coast,Rural,6.2712779,-57.541428,Son/daughter,Male,41,Secondary,,1997,,Marriage,U.S.A.,Yes,"Employee (for another person, for a company or for the government)",CLERK,Working,
05 0051 063 4,3,32.31392620484066,05 0,05 0051,6,Coast/Rural,174,3,05,Coast,Rural,6.2712779,-57.541428,Son/daughter,Male,37,Technical/Vocational Certificate or Diploma,MECHANIC,2005,,More income,U.S.A.,Yes,"Employee (for another person, for a company or for the government)",MECHANIC,Working,
05 0051 063 4,4,32.31392620484066,05 0,05 0051,6,Coast/Rural,174,3,05,Coast,Rural,6.2712779,-57.541428,Son/daughter,Female,31,Secondary,,2002,,Family Reunification,U.S.A.,No,,,Keeping the house,No
05 0054 019 8,1,24.08259228023323,05 0,05 0054,6,Coast/Rural,174,7,05,Coast,Rural,6.2736435,-57.541588,Son/daughter,Male,45,Secondary,,2005,,Work,Canada,Yes,"Employee (for another person, for a company or for the government)",CLERK,Working,
05 0054 019 8,2,24.08259228023323,05 0,05 0054,6,Coast/Rural,174,7,05,Coast,Rural,6.2736435,-57.541588,Grand/great-grand child,Female,19,Secondary,,2014,,Family Reunification,Canada,No,,,Studying,Yes
05 0054 061 2,1,24.08259228023323,05 0,05 0054,6,Coast/Rural,174,7,05,Coast,Rural,6.2728148,-57.542786,Spouse/ partner,Male,59,Secondary,,2007,,Work,Caribbean country,Yes,"Employee (for another person, for a company or for the government)",SERGEANT,Working,
05 0054 063 1,1,24.08259228023323,05 0,05 0054,5,Coast/Rural,174,7,05,Coast,Rural,6.2729363,-57.543037,Son/daughter,Male,35,Primary,,2003,,More income,Caribbean country,No,,,Working,
05 0060 357 5,1,45.41244919556407,05 0,05 0060,5,Coast/Rural,174,1,05,Coast,Rural,6.2796426,-57.544292,Son/daughter,Female,24,Secondary,,2016,,Marriage,U.S.A.,Yes,"Employee (for another person, for a company or for the government)",INTERNET CAFE ATTENDANT,Working,
05 0062 430 7,1,31.16390677599671,05 0,05 0062,5,Coast/Rural,174,1,05,Coast,Rural,6.2799454,-57.535889,Son/daughter,Female,47,Secondary,,-1,2000 - 2009,Marriage,U.S.A.,No,,,Working,
05 0062 430 7,2,31.16390677599671,05 0,05 0062,5,Coast/Rural,174,1,05,Coast,Rural,6.2799454,-57.535889,Son/daughter,Female,43,Primary,,-1,2010 or after,Marriage,U.S.A.,No,,,Working,
05 0062 443 7,1,31.16390677599671,05 0,05 0062,3,Coast/Rural,174,1,05,Coast,Rural,6.2792368,-57.536743,Son/daughter,Female,23,University / Certificate /Diploma,Eduction,2014,,Marriage,U.S.A.,Yes,"Employee (for another person, for a company or for the government)",Teacher,Working,
05 0067 039 1,1,22.86211028874733,05 0,05 0067,4,Coast/Rural,174,2,05,Coast,Rural,6.2875609,-57.542423,Step/ adopted child,Male,20,None,,2015,,Work,South America,Yes,"Employee (for another person, for a company or for the government)",FISHERMAN,Working,
05 0067 041 0,1,22.86211028874733,05 0,05 0067,3,Coast/Rural,174,2,05,Coast,Rural,6.2871161,-57.542507,Son/daughter,Female,36,University / Certificate /Diploma,EDUCATION,-1,2000 - 2009,Don't know,Caribbean country,Yes,"Employee (for another person, for a company or for the government)",TEACHER,Working,
05 0067 061 4,1,22.86211028874733,05 0,05 0067,5,Coast/Rural,174,2,05,Coast,Rural,6.2893953,-57.543812,Son/daughter,Female,24,University / Certificate /Diploma,BUSINESS MANAGEMENT,2013,,Study,U.S.A.,No,,,Keeping the house,No
05 0071 032 5,1,22.25984184067707,05 0,05 0071,6,Coast/Rural,174,2,05,Coast,Rural,6.290719,-57.546478,Other relative,Male,36,Secondary,,-1,2010 or after,Work,U.S.A.,Yes,Self-employed (without paid help),RICE FAMER,Don't know,Don't know
05 0083 013 9,1,26.02117958623268,05 0,05 0083,5,Coast/Rural,174,3,05,Coast,Rural,6.339849,-57.573872,Parent/parent-in-law,Male,66,Don't know,Dont know,1991,,Family Reunification,U.S.A.,Yes,"Employee (for another person, for a company or for the government)",Gtt operator,Working,
05 0083 013 9,2,26.02117958623268,05 0,05 0083,5,Coast/Rural,174,3,05,Coast,Rural,6.339849,-57.573872,Parent/parent-in-law,Female,61,Don't know,Dont know,1991,,Family Reunification,U.S.A.,No,,,Working,
05 0083 045 7,1,26.02117958623268,05 0,05 0083,5,Coast/Rural,174,3,05,Coast,Rural,6.3376665,-57.573608,Spouse/ partner,Male,43,Secondary,,2015,,Family Reunification,U.S.A.,Yes,"Employee (for another person, for a company or for the government)",SUGAR WORKER,Working,
05 0083 062 7,1,26.02117958623268,05 0,05 0083,5,Coast/Rural,174,3,05,Coast,Rural,6.3401432,-57.574844,Spouse/ partner,Male,33,Don't know,Dont know,2017,,More income,U.S.A.,Yes,"Employee (for another person, for a company or for the government)",Police officer,Other,No
05 0090 018 0,1,66.05540474083516,05 0,05 0090,5,Coast/Rural,174,4,05,Coast,Rural,6.3583975,-57.580841,Son/daughter,Female,11,Primary,,2015,,Study,Canada,,,,,
05 0094 038 1,1,33.23799111210189,05 0,05 0094,6,Coast/Rural,174,4,05,Coast,Rural,6.3585911,-57.582912,Spouse/ partner,Female,28,Secondary,,2014,,Work,Caribbean country,No,,,Keeping the house,No
05 0094 043 6,1,33.23799111210189,05 0,05 0094,5,Coast/Rural,174,4,05,Coast,Rural,6.3595724,-57.582829,Spouse/ partner,Male,31,Technical/Vocational Certificate or Diploma,Electrically engeer,2015,,Marriage,U.S.A.,Yes,"Employee (for another person, for a company or for the government)",Electirtion,Working,
05 0102 148 5,1,45.58548810686207,05 0,05 0102,6,Coast/Rural,174,5,05,Coast,Rural,6.370388,-57.583408,Son/daughter,Male,23,Secondary,,2013,,Study,U.S.A.,No,,,Working,
05 0102 148 5,2,45.58548810686207,05 0,05 0102,6,Coast/Rural,174,5,05,Coast,Rural,6.370388,-57.583408,Son/daughter,Female,21,Secondary,,2013,,Study,U.S.A.,No,,,Studying,No
05 0102 150 3,1,45.58548810686207,05 0,05 0102,5,Coast/Rural,174,5,05,Coast,Rural,6.3701963,-57.583447,Son/daughter,Male,49,Primary,,2000,,Work,U.S.A.,Yes,Self-employed (with paid help),BUS DRIVER,Working,
05 0102 150 3,2,45.58548810686207,05 0,05 0102,5,Coast/Rural,174,5,05,Coast,Rural,6.3701963,-57.583447,Son/daughter,Female,50,Secondary,,1997,,Work,U.S.A.,Yes,"Employee (for another person, for a company or for the government)",NURSE,Retired,No
05 0102 150 3,3,45.58548810686207,05 0,05 0102,5,Coast/Rural,174,5,05,Coast,Rural,6.3701963,-57.583447,Son/daughter,Female,47,Secondary,,1996,,Work,U.S.A.,No,,,Keeping the house,No
05 0105 010 7,1,33.11624022890737,05 0,05 0105,4,Coast/Rural,174,5,05,Coast,Rural,6.3718877,-57.586266,Son/daughter,Male,33,Secondary,,2006,,Work,Caribbean country,Yes,"Employee (for another person, for a company or for the government)",Rice labour,Working,
05 0105 014 8,1,33.11624022890737,05 0,05 0105,4,Coast/Rural,174,5,05,Coast,Rural,6.3724556,-57.585922,Son/daughter,Female,44,Secondary,,-1,1990 - 1999,Family Reunification,Canada,No,,,Working,
05 0119 234 8,1,32.21620838352009,05 0,05 0119,4,Coast/Rural,174,6,05,Coast,Rural,6.3961372,-57.605423,Son/daughter,Male,-1,Secondary,,-1,1990 - 1999,Work,Caribbean country,,,,,
05 0119 250 3,1,32.21620838352009,05 0,05 0119,6,Coast/Rural,174,6,05,Coast,Rural,6.4005752,-57.601376,Son/daughter,Male,42,Primary,,-1,2000 - 2009,Work,U.S.A.,Yes,"Employee (for another person, for a company or for the government)",LABOURER,Working,
05 0119 250 3,2,32.21620838352009,05 0,05 0119,6,Coast/Rural,174,6,05,Coast,Rural,6.4005752,-57.601376,Son/daughter,Female,52,Secondary,,-1,2000 - 2009,Work,U.S.A.,Yes,"Employee (for another person, for a company or for the government)",HEALTH CARE WORKER,Working,
05 0119 250 3,3,32.21620838352009,05 0,05 0119,6,Coast/Rural,174,6,05,Coast,Rural,6.4005752,-57.601376,Son/daughter,Male,37,Secondary,,-1,2000 - 2009,Work,U.S.A.,Yes,"Employee (for another person, for a company or for the government)",LABOURER,Working,
05 0119 251 9,1,32.21620838352009,05 0,05 0119,5,Coast/Rural,174,6,05,Coast,Rural,6.4002924,-57.601475,Spouse/ partner,Male,69,Secondary,,2016,,Family Reunification,U.S.A.,Yes,Self-employed (without paid help),WEEDERMAN,Other,No
05 0125 379 6,1,23.90351659404687,05 0,05 0125,3,Coast/Rural,174,6,05,Coast,Rural,6.4062133,-57.611691,Son/daughter,Male,31,Masters,Computer engreening,2015,,Work,South America,Yes,"Employee (for another person, for a company or for the government)",Computer engneer,Working,
05 0128 452 7,1,31.86514494642584,05 0,05 0128,3,Coast/Rural,174,7,05,Coast,Rural,6.4105864,-57.611904,Son/daughter,Female,20,Secondary,,2016,,Marriage,South America,No,,,Working,
05 0128 452 7,2,31.86514494642584,05 0,05 0128,3,Coast/Rural,174,7,05,Coast,Rural,6.4105864,-57.611904,Son/daughter,Female,18,Secondary,,2015,,Marriage,South America,No,,,Keeping the house,No
05 0128 537 6,1,31.86514494642584,05 0,05 0128,4,Coast/Rural,174,7,05,Coast,Rural,6.4149036,-57.609966,Son/daughter,Female,37,Secondary,,2011,,Marriage,Canada,Yes,"Employee (for another person, for a company or for the government)",SALESPERSON,Keeping the house,No
05 0132 016 7,1,29.26535311410626,05 0,05 0132,5,Coast/Rural,174,7,05,Coast,Rural,6.4095607,-57.615536,Parent/parent-in-law,Female,47,Secondary,,2015,,Marriage,U.S.A.,No,,,Working,
05 0143 149 0,1,31.08047771351085,05 0,05 0143,5,Coast/Rural,174,8,05,Coast,Rural,6.4388571,-57.640205,Other relative,Female,69,Don't know,Dont no,-1,1980 - 1989,Don't know,U.S.A.,No,,,Don't know,Don't know
05 0167 012 7,1,27.66422933590533,05 0,05 0167,6,Coast/Rural,174,10,05,Coast,Rural,6.5044861,-57.700165,Son/daughter,Male,41,Bachelor's degree,EDUCATION,2008,,Work,Caribbean country,Yes,"Employee (for another person, for a company or for the government)",SECONDARY SCHOOL TEACHER,Working,
05 0167 016 2,1,27.66422933590533,05 0,05 0167,5,Coast/Rural,174,10,05,Coast,Rural,6.504303,-57.699848,Son/daughter,Male,33,Secondary,,1988,,Family Reunification,U.S.A.,No,,,Don't know,Don't know
05 0186 161 7,1,61.54738318045629,05 0,05 0186,5,Coast/Rural,174,,05,Coast,Rural,6.5505438,-57.765396,Other relative,Female,50,Don't know,Dont know,2000,,Don't know,U.S.A.,No,,,Working,
05 0186 161 7,2,61.54738318045629,05 0,05 0186,5,Coast/Rural,174,,05,Coast,Rural,6.5505438,-57.765396,Other relative,Male,35,Don't know,Dont know,2000,,Other,U.S.A.,No,,,Working,
05 0193 030 2,1,19.68848506846019,05 0,05 0193,4,Coast/Rural,174,9,05,Coast,Rural,6.5628138,-57.787502,Other relative,Female,70,Don't know,DON'T KNOW,1978,,Don't know,U.S.A.,No,,,Don't know,Don't know
05 0193 030 2,2,19.68848506846019,05 0,05 0193,4,Coast/Rural,174,9,05,Coast,Rural,6.5628138,-57.787502,Other relative,Male,67,Primary,,2000,,Work,Canada,Yes,Don't know,THE RESPONDENT DONT KNOW,Working,
05 0193 041 3,1,19.68848506846019,05 0,05 0193,3,Coast/Rural,174,9,05,Coast,Rural,6.5641394,-57.789242,Son/daughter,Female,46,Secondary,,1993,,Marriage,Caribbean country,No,,,Don't know,Don't know
05 0193 041 3,2,19.68848506846019,05 0,05 0193,3,Coast/Rural,174,9,05,Coast,Rural,6.5641394,-57.789242,Son/daughter,Male,43,Primary,,-1,2000 - 2009,Work,Caribbean country,Yes,"Employee (for another person, for a company or for the government)",GOLD MINER,Working,
05 0193 041 3,3,19.68848506846019,05 0,05 0193,3,Coast/Rural,174,9,05,Coast,Rural,6.5641394,-57.789242,Son/daughter,Female,40,Secondary,,2003,,Family Reunification,Caribbean country,Yes,"Employee (for another person, for a company or for the government)",TEACHER,Working,
05 0217 022 2,1,27.65990938593777,05 0,05 0217,5,Coast/Rural,174,9,05,Coast,Rural,6.5544491,-57.801056,Other relative,Female,65,Secondary,,1995,,Work,U.S.A.,No,,,Retired,No
05 0217 022 2,2,27.65990938593777,05 0,05 0217,5,Coast/Rural,174,9,05,Coast,Rural,6.5544491,-57.801056,Other relative,Female,64,Secondary,,2000,,Work,U.S.A.,No,,,Retired,No
05 0217 028 0,1,27.65990938593777,05 0,05 0217,4,Coast/Rural,174,9,05,Coast,Rural,6.5545745,-57.800972,Son/daughter-in-law,Male,52,Secondary,,1994,,Work,Caribbean country,No,,,Working,
05 0217 028 0,2,27.65990938593777,05 0,05 0217,4,Coast/Rural,174,9,05,Coast,Rural,6.5545745,-57.800972,Son/daughter-in-law,Female,53,Technical/Vocational Certificate or Diploma,NURSING,2002,,Work,Caribbean country,Yes,"Employee (for another person, for a company or for the government)",NURES AT GEORGETOWN HOSPITAL,Working,
05 0217 043 8,1,27.65990938593777,05 0,05 0217,3,Coast/Rural,174,9,05,Coast,Rural,6.5536699,-57.800274,Son/daughter,Female,24,Secondary,,2017,,Marriage,Great Britain,Yes,"Employee (for another person, for a company or for the government)",TEACHING,Working,
05 0229 040 4,1,50.17690654207884,05 0,05 0229,6,Coast/Rural,174,10,05,Coast,Rural,6.5750566,-57.801872,Parent/parent-in-law,Female,34,Primary,,-1,2000 - 2009,Work,Caribbean country,Yes,Self-employed (without paid help),VENDER,Working,
05 0241 004 4,1,32.95071471920449,05 0,05 0241,6,Coast/Rural,174,10,05,Coast,Rural,6.612833,-57.838303,Son/daughter,Female,42,Technical/Vocational Certificate or Diploma,TEACHING,2002,,Family Reunification,U.S.A.,Yes,"Employee (for another person, for a company or for the government)",TEACHER AT COTTAGE NURSERY SCHOOL,Working,
05 0241 004 4,2,32.95071471920449,05 0,05 0241,6,Coast/Rural,174,10,05,Coast,Rural,6.612833,-57.838303,Grand/great-grand child,Female,25,Technical/Vocational Certificate or Diploma,CARING THE ELDERLY,2011,,Study,U.S.A.,No,,,Studying,No
05 0241 018 7,1,32.95071471920449,05 0,05 0241,5,Coast/Rural,174,10,05,Coast,Rural,6.6151538,-57.840046,Son/daughter,Female,31,Secondary,,2005,,Family Reunification,Caribbean country,No,,,Looking for work,No
05 0241 018 7,2,32.95071471920449,05 0,05 0241,5,Coast/Rural,174,10,05,Coast,Rural,6.6151538,-57.840046,Son/daughter,Male,30,Secondary,,2005,,Work,Caribbean country,Yes,"Employee (for another person, for a company or for the government)",LABOURER,Don't know,Don't know
05 0241 019 4,1,32.95071471920449,05 0,05 0241,3,Coast/Rural,174,10,05,Coast,Rural,6.6145473,-57.840546,Son/daughter,Female,60,Secondary,,1985,,Work,Great Britain,Yes,"Employee (for another person, for a company or for the government)",INTERIOR DECORATION,Working,
05 0241 051 7,1,32.95071471920449,05 0,05 0241,6,Coast/Rural,174,10,05,Coast,Rural,6.6150484,-57.83823,Son/daughter,Male,24,Technical/Vocational Certificate or Diploma,MECHANIC,2016,,Work,Caribbean country,Yes,Self-employed (without paid help),MECHANIC,Working,
05 0247 111 4,1,25.5676854708476,05 0,05 0247,3,Coast/Rural,174,11,05,Coast,Rural,6.6304469,-57.856747,Son/daughter,Female,34,Secondary,,2011,,Marriage,Canada,Yes,"Employee (for another person, for a company or for the government)",SALES REPRESENTATIVE,Working,
05 0247 127 1,1,25.5676854708476,05 0,05 0247,5,Coast/Rural,174,11,05,Coast,Rural,6.6320724,-57.857975,Son/daughter,Female,45,Secondary,,1999,,Marriage,U.S.A.,Yes,"Employee (for another person, for a company or for the government)",PRIMARY TEACHER,Working,
05 0247 127 1,2,25.5676854708476,05 0,05 0247,5,Coast/Rural,174,11,05,Coast,Rural,6.6320724,-57.857975,Son/daughter,Female,43,Secondary,,2000,,Marriage,U.S.A.,Yes,"Employee (for another person, for a company or for the government)",SECRETARY,Working,
05 0276 188 5,1,30.76574383930092,05 0,05 0276,5,Coast/Rural,174,11,05,Coast,Rural,6.6364417,-57.900448,Son/daughter,Female,32,Secondary,,2008,,Marriage,U.S.A.,Yes,"Employee (for another person, for a company or for the government)",ACCOUNTANT,Working,
05 0290 222 5,1,24.7547641892104,05 0,05 0290,5,Coast/Rural,174,11,05,Coast,Rural,6.5382452,-57.87817,Son/daughter,Male,37,University / Certificate /Diploma,SICENCE,-1,2000 - 2009,Work,U.S.A.,No,,,Other,No
05 0290 222 5,2,24.7547641892104,05 0,05 0290,5,Coast/Rural,174,11,05,Coast,Rural,6.5382452,-57.87817,Son/daughter,Female,28,University / Certificate /Diploma,Nursing,2001,,Study,U.S.A.,No,,,Working,
05 0300 306 7,1,24.37172546778647,05 0,05 0300,3,Coast/Rural,174,11,05,Coast,Rural,6.094511,-57.952213,Spouse/ partner,Female,49,Primary,,2005,,Don't know,South America,No,,,Don't know,Don't know
05 0300 306 7,2,24.37172546778647,05 0,05 0300,3,Coast/Rural,174,11,05,Coast,Rural,6.094511,-57.952213,Son/daughter,Female,31,Secondary,,2005,,Family Reunification,South America,No,,,Don't know,Don't know
05 0300 306 7,3,24.37172546778647,05 0,05 0300,3,Coast/Rural,174,11,05,Coast,Rural,6.094511,-57.952213,Son/daughter,Male,27,Secondary,,2003,,Family Reunification,South America,No,,,Don't know,Don't know
05 0300 306 7,4,24.37172546778647,05 0,05 0300,3,Coast/Rural,174,11,05,Coast,Rural,6.094511,-57.952213,Son/daughter,Male,23,Primary,,2005,,Family Reunification,South America,No,,,Don't know,Don't know
05 0300 306 7,5,24.37172546778647,05 0,05 0300,3,Coast/Rural,174,11,05,Coast,Rural,6.094511,-57.952213,Son/daughter,Male,21,Secondary,,2007,,Family Reunification,South America,No,,,Don't know,Don't know
05 0300 306 7,6,24.37172546778647,05 0,05 0300,3,Coast/Rural,174,11,05,Coast,Rural,6.094511,-57.952213,Son/daughter,Female,16,Primary,,2007,,Family Reunification,South America,No,,,Don't know,Don't know
05 0300 306 7,7,24.37172546778647,05 0,05 0300,3,Coast/Rural,174,11,05,Coast,Rural,6.094511,-57.952213,Son/daughter,Female,14,None,,2007,,Family Reunification,South America,,,,,
06 0019 152 7,1,58.09395311449274,06 0,06 0019,6,Coast/Rural,174,12,06,Coast,Rural,5.8434014,-57.155399,Other relative,Female,30,Secondary,,2017,,Family Reunification,U.S.A.,No,,,Looking for work,No
06 0050 129 8,1,30.2220761751834,06 1,06 0050,5,Coast/Urban,174,10,06,Coast,Urban,5.8921647,-57.138653,Son/daughter,Male,46,Secondary,,2007,,Marriage,Canada,Yes,"Employee (for another person, for a company or for the government)",POLICE CONSTABLE,Working,
06 0050 129 8,2,30.2220761751834,06 1,06 0050,5,Coast/Urban,174,10,06,Coast,Urban,5.8921647,-57.138653,Son/daughter,Female,40,Secondary,,2002,,Work,U.S.A.,No,,,Working,
06 0056 002 8,1,27.68003686286564,06 1,06 0056,5,Coast/Urban,174,11,06,Coast,Urban,5.900322,-57.136879,Son/daughter,Male,35,Secondary,,2012,,More income,Caribbean country,Yes,"Employee (for another person, for a company or for the government)",MASON,Working,
06 0056 016 0,1,27.68003686286564,06 1,06 0056,6,Coast/Urban,174,11,06,Coast,Urban,5.8880477,-57.138145,Son/daughter,Female,30,Secondary,,2014,,Work,South America,No,,,Working,
06 0064 029 5,1,41.94110826461042,06 1,06 0064,6,Coast/Urban,174,10,06,Coast,Urban,5.9015102,-57.145409,Parent/parent-in-law,Female,56,Secondary,,2015,,Family Reunification,Canada,No,,,Keeping the house,No
06 0064 040 3,1,41.94110826461042,06 1,06 0064,5,Coast/Urban,174,9,06,Coast,Urban,5.9000287,-57.145508,Other relative,Female,43,Secondary,,2017,,Family Reunification,U.S.A.,No,,,Working,
06 0074 011 2,1,51.88253436016031,06 0,06 0074,5,Coast/Rural,174,8,06,Coast,Rural,5.9302149,-57.149044,Son/daughter,Male,30,Secondary,,2013,,Family Reunification,U.S.A.,Yes,"Employee (for another person, for a company or for the government)",CONSTRUCTION,Working,
06 0074 011 2,2,51.88253436016031,06 0,06 0074,5,Coast/Rural,174,8,06,Coast,Rural,5.9302149,-57.149044,Son/daughter-in-law,Female,29,Secondary,,2009,,Family Reunification,U.S.A.,No,,,Don't know,Don't know
06 0074 011 2,3,51.88253436016031,06 0,06 0074,5,Coast/Rural,174,8,06,Coast,Rural,5.9302149,-57.149044,Grand/great-grand child,Female,10,Primary,,2013,,Family Reunification,U.S.A.,,,,,
06 0074 011 2,4,51.88253436016031,06 0,06 0074,5,Coast/Rural,174,8,06,Coast,Rural,5.9302149,-57.149044,Grand/great-grand child,Male,9,Primary,,2013,,Family Reunification,U.S.A.,,,,,
06 0074 011 2,5,51.88253436016031,06 0,06 0074,5,Coast/Rural,174,8,06,Coast,Rural,5.9302149,-57.149044,Grand/great-grand child,Male,7,None,,2013,,Family Reunification,U.S.A.,,,,,
06 0074 019 6,1,51.88253436016031,06 0,06 0074,3,Coast/Rural,174,8,06,Coast,Rural,5.9284487,-57.148232,Son/daughter,Male,32,Secondary,,2013,,Marriage,U.S.A.,Yes,"Employee (for another person, for a company or for the government)",FEILD SUPERVISOR,Working,
06 0079 091 6,1,62.02548254404127,06 0,06 0079,5,Coast/Rural,174,8,06,Coast,Rural,5.9424329,-57.150475,Parent/parent-in-law,Female,1,Primary,,2016,,Family Reunification,U.S.A.,,,,,
06 0085 073 3,1,59.42908481254726,06 0,06 0085,6,Coast/Rural,174,8,06,Coast,Rural,5.9584675,-57.146793,Other relative,Female,36,Secondary,,2013,,Family Reunification,U.S.A.,Yes,Self-employed (with paid help),HAIR DRESSING AND COSMETOLOGY,Keeping the house,No
06 0085 073 3,2,59.42908481254726,06 0,06 0085,6,Coast/Rural,174,8,06,Coast,Rural,5.9584675,-57.146793,Other relative,Male,41,Don't know,DON'T KNOW,2009,,Family Reunification,U.S.A.,Yes,"Employee (for another person, for a company or for the government)",OPERATOR,Working,
06 0094 103 5,1,46.98453286462069,06 0,06 0094,5,Coast/Rural,174,1,06,Coast,Rural,5.9791355,-57.149612,Son/daughter-in-law,Male,52,Primary,,2005,,Family Reunification,U.S.A.,Yes,"Employee (for another person, for a company or for the government)",LABOURER,Working,
06 0094 103 5,2,46.98453286462069,06 0,06 0094,5,Coast/Rural,174,1,06,Coast,Rural,5.9791355,-57.149612,Son/daughter,Female,52,Primary,,2005,,Family Reunification,U.S.A.,No,,,Working,
06 0094 103 5,3,46.98453286462069,06 0,06 0094,5,Coast/Rural,174,1,06,Coast,Rural,5.9791355,-57.149612,Grand/great-grand child,Female,35,Primary,,2007,,Family Reunification,U.S.A.,No,,,Working,
06 0094 103 5,4,46.98453286462069,06 0,06 0094,5,Coast/Rural,174,1,06,Coast,Rural,5.9791355,-57.149612,Grand/great-grand child,Male,30,Primary,,2005,,Family Reunification,U.S.A.,No,,,Working,
06 0094 104 2,1,46.98453286462069,06 0,06 0094,6,Coast/Rural,174,1,06,Coast,Rural,5.9789896,-57.149757,Other relative,Female,40,Secondary,,1999,,Family Reunification,Caribbean country,No,,,Working,
06 0094 104 2,2,46.98453286462069,06 0,06 0094,6,Coast/Rural,174,1,06,Coast,Rural,5.9789896,-57.149757,Other relative,Male,38,Secondary,,2007,,Work,Caribbean country,Yes,"Employee (for another person, for a company or for the government)",FARM LABOURER,Working,
06 0094 110 0,1,46.98453286462069,06 0,06 0094,5,Coast/Rural,174,1,06,Coast,Rural,5.980062,-57.149338,Son/daughter,Female,32,Secondary,,2008,,Marriage,Canada,No,,,Working,
06 0094 134 9,1,46.98453286462069,06 0,06 0094,6,Coast/Rural,174,1,06,Coast,Rural,5.979466,-57.147667,Parent/parent-in-law,Female,64,Secondary,,2012,,Family Reunification,U.S.A.,No,,,Working,
06 0094 134 9,2,46.98453286462069,06 0,06 0094,6,Coast/Rural,174,1,06,Coast,Rural,5.979466,-57.147667,Other relative,Male,40,Primary,,2007,,Marriage,U.S.A.,Yes,"Employee (for another person, for a company or for the government)",LABOURER,Working,
06 0094 140 1,1,46.98453286462069,06 0,06 0094,3,Coast/Rural,174,1,06,Coast,Rural,5.9799609,-57.147408,Parent/parent-in-law,Male,66,Don't know,0,2013,,Family Reunification,U.S.A.,Yes,"Employee (for another person, for a company or for the government)",CANE HARVESTER,Other,No
06 0094 140 1,2,46.98453286462069,06 0,06 0094,3,Coast/Rural,174,1,06,Coast,Rural,5.9799609,-57.147408,Parent/parent-in-law,Female,60,Primary,,2013,,Family Reunification,U.S.A.,Yes,Self-employed (without paid help),STREET VENDOR,Working,
06 0102 181 3,1,40.79652274474144,06 0,06 0102,3,Coast/Rural,174,7,06,Coast,Rural,6.00388,-57.161766,Son/daughter,Male,29,Primary,,2006,,Work,Caribbean country,Yes,"Employee (for another person, for a company or for the government)",LABOURER,Working,
06 0115 097 0,1,47.14824203836504,06 0,06 0115,6,Coast/Rural,174,7,06,Coast,Rural,6.0474482,-57.178768,Son/daughter,Male,39,Primary,,2007,,Work,Caribbean country,Yes,"Employee (for another person, for a company or for the government)",LABOURER,Working,
06 0115 097 0,2,47.14824203836504,06 0,06 0115,6,Coast/Rural,174,7,06,Coast,Rural,6.0474482,-57.178768,Son/daughter,Male,31,Primary,,2011,,Work,Caribbean country,Yes,"Employee (for another person, for a company or for the government)",BUS CONDUCTOR,Working,
06 0115 097 0,3,47.14824203836504,06 0,06 0115,6,Coast/Rural,174,7,06,Coast,Rural,6.0474482,-57.178768,Son/daughter,Male,27,Secondary,,2013,,Work,Caribbean country,Yes,"Employee (for another person, for a company or for the government)",POSTAL CLERK,Working,
06 0123 073 3,1,49.59186261098618,06 0,06 0123,4,Coast/Rural,174,6,06,Coast,Rural,6.0785356,-57.190411,Son/daughter,Male,42,Secondary,,1997,,Work,Canada,Yes,Unpaid family workers,MIXED CROP FARMER,Working,
06 0138 095 5,1,42.87721768968927,06 0,06 0138,6,Coast/Rural,174,6,06,Coast,Rural,6.1512151,-57.220795,Parent/parent-in-law,Female,45,Secondary,,2005,,More income,U.S.A.,No,,,Working,
06 0146 011 2,1,50.21542274001882,06 0,06 0146,3,Coast/Rural,174,6,06,Coast,Rural,6.1969728,-57.260654,Son/daughter,Male,53,University / Certificate /Diploma,PHYSICS,1988,,Study,U.S.A.,Yes,"Employee (for another person, for a company or for the government)",AGRICULTURAL WORK,Working,
06 0146 011 2,2,50.21542274001882,06 0,06 0146,3,Coast/Rural,174,6,06,Coast,Rural,6.1969728,-57.260654,Son/daughter,Female,48,Secondary,,1995,,Study,U.S.A.,Yes,"Employee (for another person, for a company or for the government)",TEACHER,Working,
06 0146 045 3,1,50.21542274001882,06 0,06 0146,6,Coast/Rural,174,6,06,Coast,Rural,6.1934404,-57.257153,Son/daughter,Female,27,Secondary,,2013,,Crime situation,Canada,No,,,Working,
06 0152 033 9,1,51.04383054722537,06 0,06 0152,5,Coast/Rural,174,5,06,Coast,Rural,6.2041478,-57.270851,Son/daughter,Female,29,Secondary,,2014,,Work,Caribbean country,Yes,"Employee (for another person, for a company or for the government)",SALES GIRLS,Working,
06 0152 067 7,1,51.04383054722537,06 0,06 0152,5,Coast/Rural,174,5,06,Coast,Rural,6.2058754,-57.271019,Son/daughter,Female,28,Secondary,,2005,,Family Reunification,Caribbean country,No,,,Working,
06 0152 067 7,2,51.04383054722537,06 0,06 0152,5,Coast/Rural,174,5,06,Coast,Rural,6.2058754,-57.271019,Son/daughter,Male,32,Secondary,,2002,,Work,Caribbean country,No,,,Working,
06 0173 004 0,1,36.81986309430731,06 0,06 0173,3,Coast/Rural,174,4,06,Coast,Rural,6.2288008,-57.314766,Parent/parent-in-law,Male,57,Primary,,2014,,Family Reunification,U.S.A.,Yes,Self-employed (with paid help),CATTLE REARER,Working,
06 0173 004 0,2,36.81986309430731,06 0,06 0173,3,Coast/Rural,174,4,06,Coast,Rural,6.2288008,-57.314766,Parent/parent-in-law,Female,50,Secondary,,2014,,Family Reunification,U.S.A.,No,,,Working,
06 0180 007 0,1,44.69879883336889,06 0,06 0180,6,Coast/Rural,174,1,06,Coast,Rural,6.231905,-57.323399,Son/daughter,Female,23,Secondary,,2017,,Study,U.S.A.,No,,,Studying,No
06 0194 011 3,1,51.57553711542563,06 0,06 0194,5,Coast/Rural,174,1,06,Coast,Rural,6.2436981,-57.336636,Son/daughter,Female,24,Secondary,,2013,,Marriage,U.S.A.,Yes,"Employee (for another person, for a company or for the government)",TELEMARKETER,Working,
06 0205 046 6,1,58.17938895771822,06 0,06 0205,3,Coast/Rural,174,4,06,Coast,Rural,6.2453823,-57.348892,Son/daughter,Female,35,Primary,,2008,,Marriage,U.S.A.,No,,,Working,
06 0213 082 8,1,38.5912665006188,06 1,06 0213,5,Coast/Urban,174,3,06,Coast,Urban,6.2654467,-57.352997,Spouse/ partner,Female,67,Secondary,,2017,,Other,U.S.A.,No,,,Other,No
06 0218 103 8,1,44.27656686517661,06 1,06 0218,3,Coast/Urban,174,3,06,Coast,Urban,6.2512798,-57.354599,Spouse/ partner,Female,67,Secondary,,2001,,Family Reunification,U.S.A.,Yes,"Employee (for another person, for a company or for the government)",NURSE,Retired,No
06 0223 048 7,1,41.03375172217696,06 1,06 0223,5,Coast/Urban,174,3,06,Coast,Urban,6.2602229,-57.355736,Son/daughter,Male,43,Secondary,,2012,,Work,U.S.A.,Yes,"Employee (for another person, for a company or for the government)",LABOURER AT A BAKER SHOP,Working,
06 0229 002 5,1,30.78505589792954,06 1,06 0229,3,Coast/Urban,174,2,06,Coast,Urban,6.2593031,-57.361809,Spouse/ partner,Male,43,Secondary,,2015,,Family Reunification,U.S.A.,Yes,"Employee (for another person, for a company or for the government)",LABOURER,Working,
06 0229 002 5,2,30.78505589792954,06 1,06 0229,3,Coast/Urban,174,2,06,Coast,Urban,6.2593031,-57.361809,Son/daughter,Male,17,Secondary,,2015,,Family Reunification,U.S.A.,No,,,Studying,No
06 0229 021 3,1,30.78505589792954,06 1,06 0229,6,Coast/Urban,174,2,06,Coast,Urban,6.2588859,-57.360447,Parent/parent-in-law,Female,77,None,,1991,,Crime situation,Canada,Yes,Self-employed (without paid help),MARKET VENDOR,Keeping the house,No
06 0229 025 0,1,30.78505589792954,06 1,06 0229,5,Coast/Urban,174,2,06,Coast,Urban,6.2597408,-57.360161,Son/daughter,Male,50,Secondary,,2002,,Marriage,U.S.A.,Yes,"Employee (for another person, for a company or for the government)",CANE HARVESTER,Working,
06 0229 056 1,1,30.78505589792954,06 1,06 0229,5,Coast/Urban,174,2,06,Coast,Urban,6.2618794,-57.361355,Son/daughter,Female,23,Secondary,,2015,,Study,U.S.A.,No,,,Studying,Yes
06 0229 064 0,1,30.78505589792954,06 1,06 0229,6,Coast/Urban,174,2,06,Coast,Urban,6.2607961,-57.359596,Step/ adopted child,Female,21,Secondary,,2015,,Family Reunification,U.S.A.,Yes,"Employee (for another person, for a company or for the government)",CLERK,Studying,Yes
06 0229 064 0,2,30.78505589792954,06 1,06 0229,6,Coast/Urban,174,2,06,Coast,Urban,6.2607961,-57.359596,Step/ adopted child,Female,19,Primary,,2015,,Family Reunification,U.S.A.,No,,,Studying,No
06 0230 021 8,1,49.59359902074146,06 0,06 0230,5,Coast/Rural,174,2,06,Coast,Rural,6.2609072,-57.363018,Son/daughter,Male,33,Secondary,,2009,,Marriage,U.S.A.,Yes,"Employee (for another person, for a company or for the government)",OFFICE CLERK,Working,
06 0230 021 8,2,49.59359902074146,06 0,06 0230,5,Coast/Rural,174,2,06,Coast,Rural,6.2609072,-57.363018,Son/daughter,Female,29,Secondary,,2008,,Marriage,U.S.A.,No,,,Keeping the house,No
06 0236 075 7,1,49.52423734378937,06 0,06 0236,4,Coast/Rural,174,2,06,Coast,Rural,6.2492118,-57.367043,Step/ adopted child,Female,35,Secondary,,1999,,Marriage,Canada,No,,,Working,
06 0240 020 3,1,48.42369873614962,06 0,06 0240,6,Coast/Rural,174,11,06,Coast,Rural,6.26408,-57.369644,Spouse/ partner,Male,55,Secondary,,2017,,Family Reunification,U.S.A.,Yes,"Employee (for another person, for a company or for the government)",SUPERVISOR,Working,
06 0240 054 5,1,48.42369873614962,06 0,06 0240,3,Coast/Rural,174,11,06,Coast,Rural,6.2617974,-57.369396,Son/daughter,Female,23,Secondary,,2015,,Marriage,U.S.A.,No,,,Keeping the house,No
06 0240 068 1,1,48.42369873614962,06 0,06 0240,4,Coast/Rural,174,11,06,Coast,Rural,6.2623224,-57.370831,Son/daughter,Female,28,Secondary,,2014,,Marriage,U.S.A.,Yes,"Employee (for another person, for a company or for the government)",CASHIER,Working,
06 0240 068 1,2,48.42369873614962,06 0,06 0240,4,Coast/Rural,174,11,06,Coast,Rural,6.2623224,-57.370831,Grand/great-grand child,Male,9,None,,2012,,Family Reunification,U.S.A.,,,,,
06 0240 068 1,3,48.42369873614962,06 0,06 0240,4,Coast/Rural,174,11,06,Coast,Rural,6.2623224,-57.370831,Grand/great-grand child,Female,6,None,,2014,,Family Reunification,U.S.A.,,,,,
06 0240 086 2,1,48.42369873614962,06 0,06 0240,5,Coast/Rural,174,11,06,Coast,Rural,6.2604856,-57.369995,Son/daughter,Male,23,Secondary,,2016,,Marriage,U.S.A.,No,,,Working,
06 0246 133 8,1,50.49900011055603,06 0,06 0246,3,Coast/Rural,174,7,06,Coast,Rural,6.271359,-57.373405,Son/daughter,Male,25,Secondary,,2016,,Work,U.S.A.,No,,,Working,
06 0246 135 5,1,50.49900011055603,06 0,06 0246,4,Coast/Rural,174,7,06,Coast,Rural,6.2700639,-57.372906,Son/daughter,Female,25,Secondary,,2013,,Family Reunification,U.S.A.,No,,,Working,
06 0246 146 5,1,50.49900011055603,06 0,06 0246,6,Coast/Rural,174,7,06,Coast,Rural,6.2697639,-57.373344,Son/daughter,Female,37,Secondary,,2016,,Marriage,U.S.A.,Yes,"Employee (for another person, for a company or for the government)",TEACHER,Studying,No
06 0261 113 3,1,37.95181033021885,06 0,06 0261,3,Coast/Rural,174,3,06,Coast,Rural,6.2726374,-57.383659,Son/daughter,Female,35,Bachelor's degree,EARLY CHILDHOOD IN EDUCATION,2016,,Marriage,U.S.A.,Yes,"Employee (for another person, for a company or for the government)",HEADMISTRESS OF A NURSERY SCHOOL,Working,
06 0261 113 3,2,37.95181033021885,06 0,06 0261,3,Coast/Rural,174,3,06,Coast,Rural,6.2726374,-57.383659,Grand/great-grand child,Female,12,Primary,,2016,,Family Reunification,U.S.A.,,,,,
06 0261 141 3,1,37.95181033021885,06 0,06 0261,4,Coast/Rural,174,3,06,Coast,Rural,6.2754841,-57.383904,Son/daughter,Female,-1,Secondary,,2002,,Marriage,Canada,,,,,
06 0261 141 3,2,37.95181033021885,06 0,06 0261,4,Coast/Rural,174,3,06,Coast,Rural,6.2754841,-57.383904,Son/daughter,Male,-1,Secondary,,2002,,Marriage,Canada,,,,,
06 0261 141 3,3,37.95181033021885,06 0,06 0261,4,Coast/Rural,174,3,06,Coast,Rural,6.2754841,-57.383904,Son/daughter,Female,-1,Secondary,,2002,,Marriage,Canada,,,,,
06 0261 141 3,4,37.95181033021885,06 0,06 0261,4,Coast/Rural,174,3,06,Coast,Rural,6.2754841,-57.383904,Son/daughter,Female,-1,Secondary,,2002,,Marriage,Canada,,,,,
06 0269 011 1,1,34.96646584096652,06 0,06 0269,6,Coast/Rural,174,11,06,Coast,Rural,6.2768841,-57.38744,Parent/parent-in-law,Male,58,Primary,,2015,,Family Reunification,U.S.A.,Yes,"Employee (for another person, for a company or for the government)",OPERATOR,Working,
06 0269 011 1,2,34.96646584096652,06 0,06 0269,6,Coast/Rural,174,11,06,Coast,Rural,6.2768841,-57.38744,Parent/parent-in-law,Female,56,Primary,,2015,,Family Reunification,U.S.A.,Yes,"Employee (for another person, for a company or for the government)",LABOURER,Keeping the house,No
06 0269 015 3,1,34.96646584096652,06 0,06 0269,4,Coast/Rural,174,11,06,Coast,Rural,6.2773433,-57.385475,Son/daughter,Female,26,Secondary,,2004,,Marriage,U.S.A.,No,,,Working,
06 0269 023 9,1,34.96646584096652,06 0,06 0269,5,Coast/Rural,174,11,06,Coast,Rural,6.2766824,-57.386288,Son/daughter,Male,43,Secondary,,1997,,Marriage,U.S.A.,Yes,"Employee (for another person, for a company or for the government)",SPRAY GANG,Working,
06 0277 015 4,1,45.71468062503634,06 0,06 0277,3,Coast/Rural,174,12,06,Coast,Rural,6.2869639,-57.397923,Parent/parent-in-law,Male,64,Primary,,2007,,Family Reunification,Canada,No,,,Retired,No
06 0277 015 4,2,45.71468062503634,06 0,06 0277,3,Coast/Rural,174,12,06,Coast,Rural,6.2869639,-57.397923,Parent/parent-in-law,Female,60,Primary,,2007,,Family Reunification,Canada,No,,,Retired,No
06 0292 061 6,1,42.04912776850423,06 0,06 0292,3,Coast/Rural,174,8,06,Coast,Rural,6.2891202,-57.454803,Son/daughter,Male,36,Secondary,,2006,,Work,Caribbean country,Yes,Self-employed (without paid help),PAINTER,Working,
06 0292 061 6,2,42.04912776850423,06 0,06 0292,3,Coast/Rural,174,8,06,Coast,Rural,6.2891202,-57.454803,Son/daughter,Male,31,Secondary,,-1,2010 or after,Work,Caribbean country,No,,,Working,
06 0292 066 3,1,42.04912776850423,06 0,06 0292,4,Coast/Rural,174,8,06,Coast,Rural,6.2889681,-57.456142,Son/daughter,Male,55,Secondary,,1993,,Marriage,U.S.A.,Yes,"Employee (for another person, for a company or for the government)",CARPENTER,Working,
06 0292 066 3,2,42.04912776850423,06 0,06 0292,4,Coast/Rural,174,8,06,Coast,Rural,6.2889681,-57.456142,Son/daughter,Male,53,Primary,,1996,,Work,U.S.A.,No,,,Other,No
06 0292 066 3,3,42.04912776850423,06 0,06 0292,4,Coast/Rural,174,8,06,Coast,Rural,6.2889681,-57.456142,Son/daughter,Male,50,Secondary,,1995,,Marriage,U.S.A.,No,,,Don't know,No
06 0292 066 3,4,42.04912776850423,06 0,06 0292,4,Coast/Rural,174,8,06,Coast,Rural,6.2889681,-57.456142,Son/daughter,Male,46,Primary,,1996,,Work,Caribbean country,No,,,Working,
06 0292 066 3,5,42.04912776850423,06 0,06 0292,4,Coast/Rural,174,8,06,Coast,Rural,6.2889681,-57.456142,Son/daughter,Female,44,Primary,,1994,,Marriage,Caribbean country,No,,,Working,
06 0292 066 3,6,42.04912776850423,06 0,06 0292,4,Coast/Rural,174,8,06,Coast,Rural,6.2889681,-57.456142,Son/daughter,Male,40,Secondary,,1998,,Work,Caribbean country,No,,,Working,
06 0292 113 6,1,42.04912776850423,06 0,06 0292,5,Coast/Rural,174,8,06,Coast,Rural,6.2873702,-57.466236,Son/daughter,Male,35,Secondary,,2002,,Marriage,U.S.A.,No,,,Working,
06 0292 117 0,1,42.04912776850423,06 0,06 0292,3,Coast/Rural,174,8,06,Coast,Rural,6.2871094,-57.465256,Son/daughter,Female,48,Secondary,,1989,,Marriage,U.S.A.,No,,,Keeping the house,No
06 0292 117 0,2,42.04912776850423,06 0,06 0292,3,Coast/Rural,174,8,06,Coast,Rural,6.2871094,-57.465256,Son/daughter,Male,50,Secondary,,1995,,Marriage,U.S.A.,Yes,Self-employed (without paid help),MINI BUS DRIVER,Working,
06 0292 121 3,1,42.04912776850423,06 0,06 0292,6,Coast/Rural,174,8,06,Coast,Rural,6.2881603,-57.46463,Son/daughter,Male,31,Secondary,,2014,,Marriage,U.S.A.,Yes,"Employee (for another person, for a company or for the government)",ROSHALL ESTATE,Working,
06 0319 102 5,1,11.49036919162872,06 0,06 0319,3,Coast/Rural,174,3,06,Coast,Rural,6.2622623,-57.505737,Grand/great-grand child,Female,24,Secondary,,2010,,Family Reunification,U.S.A.,No,,,Working,
06 0319 112 7,1,11.49036919162872,06 0,06 0319,6,Coast/Rural,174,3,06,Coast,Rural,6.2616034,-57.505154,Parent/parent-in-law,Male,-1,Don't know,999,2015,,Marriage,U.S.A.,,,,,
06 0322 010 3,1,79.40773237213136,06 0,06 0322,4,Coast/Rural,174,10,06,Coast,Rural,6.2479353,-57.484646,Son/daughter,Female,19,Secondary,,2016,,Marriage,U.S.A.,No,,,Keeping the house,No
06 0322 021 2,1,79.40773237213136,06 0,06 0322,5,Coast/Rural,174,10,06,Coast,Rural,6.2475257,-57.484364,Son/daughter,Female,30,Primary,,2012,,Family Reunification,Caribbean country,No,,,Working,
06 0329 201 5,1,40.01550293438195,06 0,06 0329,5,Coast/Rural,174,7,06,Coast,Rural,6.2478495,-57.490597,Son/daughter,Male,47,Secondary,,2006,,More income,Canada,Yes,"Employee (for another person, for a company or for the government)",FITTER MACHIENES,Working,
06 0329 201 5,2,40.01550293438195,06 0,06 0329,5,Coast/Rural,174,7,06,Coast,Rural,6.2478495,-57.490597,Son/daughter,Male,43,University / Certificate /Diploma,AGRICULTURAL SCIENCE,2000,,More income,Canada,Yes,"Employee (for another person, for a company or for the government)",AGRONAMIST,Working,
06 0329 218 6,1,40.01550293438195,06 0,06 0329,5,Coast/Rural,174,7,06,Coast,Rural,6.2494025,-57.491695,Parent/parent-in-law,Female,67,Primary,,1985,,Family Reunification,Canada,No,,,Retired,No
06 0329 218 6,2,40.01550293438195,06 0,06 0329,5,Coast/Rural,174,7,06,Coast,Rural,6.2494025,-57.491695,Other relative,Female,49,Secondary,,1989,,Marriage,Canada,Yes,"Employee (for another person, for a company or for the government)",GUYSUCO,Working,
06 0329 218 6,3,40.01550293438195,06 0,06 0329,5,Coast/Rural,174,7,06,Coast,Rural,6.2494025,-57.491695,Other relative,Male,47,Secondary,,1996,,Family Reunification,Canada,Yes,"Employee (for another person, for a company or for the government)",GUYSUCO,Working,
06 0329 218 6,4,40.01550293438195,06 0,06 0329,5,Coast/Rural,174,7,06,Coast,Rural,6.2494025,-57.491695,Other relative,Male,40,Primary,,1995,,Family Reunification,Canada,No,,,Working,
06 0340 007 0,1,50.03596884332335,06 0,06 0340,6,Coast/Rural,174,2,06,Coast,Rural,6.232996,-57.476875,Parent/parent-in-law,Female,45,Don't know,-1,2016,,Family Reunification,U.S.A.,Yes,Self-employed (without paid help),CHIP SELLER,Working,
06 0340 007 0,2,50.03596884332335,06 0,06 0340,6,Coast/Rural,174,2,06,Coast,Rural,6.232996,-57.476875,Son/daughter,Female,20,Secondary,,2016,,Family Reunification,U.S.A.,No,,,Looking for work,No
06 0340 007 0,3,50.03596884332335,06 0,06 0340,6,Coast/Rural,174,2,06,Coast,Rural,6.232996,-57.476875,Other relative,Female,16,Secondary,,2016,,Family Reunification,U.S.A.,No,,,Studying,No
06 0340 007 0,4,50.03596884332335,06 0,06 0340,6,Coast/Rural,174,2,06,Coast,Rural,6.232996,-57.476875,Other relative,Male,12,Primary,,2016,,Family Reunification,U.S.A.,,,,,
06 0340 007 0,5,50.03596884332335,06 0,06 0340,6,Coast/Rural,174,2,06,Coast,Rural,6.232996,-57.476875,Other relative,Female,5,None,,2016,,Family Reunification,U.S.A.,,,,,
06 0340 052 8,1,50.03596884332335,06 0,06 0340,3,Coast/Rural,174,2,06,Coast,Rural,6.2331305,-57.47858,Son/daughter,Female,34,Secondary,,-1,2000 - 2009,Marriage,Caribbean country,No,,,Keeping the house,No
06 0353 131 9,1,37.99661766236788,06 0,06 0353,5,Coast/Rural,174,9,06,Coast,Rural,6.2116661,-57.469357,Son/daughter,Female,32,Secondary,,2008,,Work,Caribbean country,Yes,"Employee (for another person, for a company or for the government)",SALESGIRL,Working,
06 0353 131 9,2,37.99661766236788,06 0,06 0353,5,Coast/Rural,174,9,06,Coast,Rural,6.2116661,-57.469357,Son/daughter,Female,24,Secondary,,2012,,More income,Caribbean country,Yes,"Employee (for another person, for a company or for the government)",SALESGIRL,Working,
06 0379 022 9,1,75.11578633217354,06 0,06 0379,4,Coast/Rural,174,4,06,Coast,Rural,6.2297893,-57.506729,Grand/great-grand child,Male,21,Secondary,,2014,,Family Reunification,U.S.A.,Yes,"Employee (for another person, for a company or for the government)",TEACHER,Studying,No
06 0379 022 9,2,75.11578633217354,06 0,06 0379,4,Coast/Rural,174,4,06,Coast,Rural,6.2297893,-57.506729,Grand/great-grand child,Female,19,Secondary,,2014,,Family Reunification,U.S.A.,No,,,Studying,No
06 0379 027 2,1,75.11578633217354,06 0,06 0379,6,Coast/Rural,174,4,06,Coast,Rural,6.2299237,-57.506817,Son/daughter,Female,22,Secondary,,2015,,Work,Caribbean country,Yes,"Employee (for another person, for a company or for the government)",COOK,Working,
06 0393 020 6,1,46.3677474911083,06 0,06 0393,5,Coast/Rural,174,9,06,Coast,Rural,6.0757394,-57.275604,Parent/parent-in-law,Male,72,Don't know,9999,2009,,Family Reunification,U.S.A.,Yes,Self-employed (without paid help),RICE FARMING,Working,
06 0401 082 5,1,45.38647266157456,06 0,06 0401,3,Coast/Rural,174,9,06,Coast,Rural,6.0405278,-57.254566,Spouse/ partner,Male,36,Primary,,2016,,More income,Caribbean country,Yes,"Employee (for another person, for a company or for the government)",LABOURER,Working,
06 0401 089 4,1,45.38647266157456,06 0,06 0401,4,Coast/Rural,174,9,06,Coast,Rural,6.040503,-57.254517,Son/daughter,Male,46,Primary,,2008,,More income,Caribbean country,Yes,Self-employed (without paid help),FARMER,Working,
06 0401 089 4,2,45.38647266157456,06 0,06 0401,4,Coast/Rural,174,9,06,Coast,Rural,6.040503,-57.254517,Son/daughter,Male,42,Primary,,2010,,More income,Caribbean country,Yes,"Employee (for another person, for a company or for the government)",LABOURER,Working,
06 0422 119 7,1,27.7491757701491,06 1,06 0422,4,Coast/Urban,174,6,06,Coast,Urban,6.2474256,-57.518116,Son/daughter,Female,25,Secondary,,2016,,Study,Caribbean country,Yes,"Employee (for another person, for a company or for the government)",RECEPTIONIST,Studying,No
06 0422 135 5,1,27.7491757701491,06 1,06 0422,5,Coast/Urban,174,6,06,Coast,Urban,6.2465563,-57.517525,Other relative,Female,55,Secondary,,1990,,Family Reunification,U.S.A.,No,,,Keeping the house,No
06 0422 135 5,2,27.7491757701491,06 1,06 0422,5,Coast/Urban,174,6,06,Coast,Urban,6.2465563,-57.517525,Other relative,Female,51,Secondary,,1998,,Marriage,U.S.A.,No,,,Keeping the house,No
06 0422 135 5,3,27.7491757701491,06 1,06 0422,5,Coast/Urban,174,6,06,Coast,Urban,6.2465563,-57.517525,Other relative,Male,52,Primary,,1994,,Marriage,U.S.A.,No,,,Don't know,Don't know
06 0422 139 3,1,27.7491757701491,06 1,06 0422,6,Coast/Urban,174,6,06,Coast,Urban,6.246119,-57.51722,Other relative,Male,59,Secondary,,1985,,Work,U.S.A.,Yes,"Employee (for another person, for a company or for the government)",OFFICE ASSISTANCE,Working,
06 0422 139 3,2,27.7491757701491,06 1,06 0422,6,Coast/Urban,174,6,06,Coast,Urban,6.246119,-57.51722,Other relative,Male,52,Secondary,,1985,,Work,U.S.A.,No,,,Working,
06 0422 139 3,3,27.7491757701491,06 1,06 0422,6,Coast/Urban,174,6,06,Coast,Urban,6.246119,-57.51722,Other relative,Female,50,Secondary,,1985,,Marriage,U.S.A.,No,,,Keeping the house,No
06 0422 139 3,4,27.7491757701491,06 1,06 0422,6,Coast/Urban,174,6,06,Coast,Urban,6.246119,-57.51722,Other relative,Female,75,Primary,,1989,,Family Reunification,U.S.A.,Yes,Self-employed (without paid help),STREET VENDER,Keeping the house,No
06 0422 139 3,5,27.7491757701491,06 1,06 0422,6,Coast/Urban,174,6,06,Coast,Urban,6.246119,-57.51722,Other relative,Female,54,Secondary,,1991,,Family Reunification,Canada,Yes,"Employee (for another person, for a company or for the government)",PHARMASIS,Working,
06 0431 016 4,1,34.88056779863623,06 1,06 0431,3,Coast/Urban,174,5,06,Coast,Urban,6.2399054,-57.520523,Son/daughter,Male,32,Secondary,,2006,,Study,Other European country,Yes,"Employee (for another person, for a company or for the government)",TEACHER,Working,
06 0431 016 4,2,34.88056779863623,06 1,06 0431,3,Coast/Urban,174,5,06,Coast,Urban,6.2399054,-57.520523,Step/ adopted child,Male,55,Secondary,,1990,,Work,Other European country,Yes,"Employee (for another person, for a company or for the government)",ABLEBODY SEAMAN,Working,
06 0431 031 3,1,34.88056779863623,06 1,06 0431,5,Coast/Urban,174,5,06,Coast,Urban,6.2391095,-57.520271,Parent/parent-in-law,Female,54,Technical/Vocational Certificate or Diploma,TYPING,1985,,More income,Caribbean country,Yes,"Employee (for another person, for a company or for the government)",TYPIST,Working,
06 0431 044 1,1,34.88056779863623,06 1,06 0431,3,Coast/Urban,174,5,06,Coast,Urban,6.2389302,-57.519676,Son/daughter,Female,37,Secondary,,2007,,Marriage,U.S.A.,Yes,"Employee (for another person, for a company or for the government)",LAB TECHNICION,Working,
06 0431 044 1,2,34.88056779863623,06 1,06 0431,3,Coast/Urban,174,5,06,Coast,Urban,6.2389302,-57.519676,Son/daughter,Male,33,Secondary,,2011,,Work,Other European country,Yes,"Employee (for another person, for a company or for the government)",COURT CLERK NEW AMSTER,Working,
06 0435 003 8,1,29.71085394744859,06 1,06 0435,5,Coast/Urban,174,4,06,Coast,Urban,6.232729,-57.523754,Spouse/ partner,Female,48,Secondary,,2016,,Other,U.S.A.,Yes,"Employee (for another person, for a company or for the government)",STORE SUPERVISOR,Don't know,Don't know
06 0435 017 4,1,29.71085394744859,06 1,06 0435,6,Coast/Urban,174,4,06,Coast,Urban,6.2327724,-57.523796,Son/daughter,Male,38,Primary,,2005,,Work,Caribbean country,Yes,Self-employed (without paid help),SALESPERSON,Working,
06 0435 049 1,1,29.71085394744859,06 1,06 0435,5,Coast/Urban,174,4,06,Coast,Urban,6.2314887,-57.524067,Son/daughter,Female,50,University / Certificate /Diploma,ACCOUNTING,2016,,Work,South America,Yes,"Employee (for another person, for a company or for the government)",ACCOUNTANT,Working,
06 0435 049 1,2,29.71085394744859,06 1,06 0435,5,Coast/Urban,174,4,06,Coast,Urban,6.2314887,-57.524067,Son/daughter,Male,39,Secondary,,-1,2010 or after,Work,Caribbean country,Yes,"Employee (for another person, for a company or for the government)",DONT KNOW,Working,
06 0435 060 0,1,29.71085394744859,06 1,06 0435,4,Coast/Urban,174,4,06,Coast,Urban,6.2308769,-57.524006,Son/daughter,Female,33,University / Certificate /Diploma,MARKETING,2010,,Marriage,Caribbean country,Yes,"Employee (for another person, for a company or for the government)",SUPERVISOR,Working,
06 0443 081 1,1,35.41009453232455,06 1,06 0443,3,Coast/Urban,174,1,06,Coast,Urban,6.2360535,-57.519535,Son/daughter,Male,37,Secondary,,2012,,Work,Other,Yes,"Employee (for another person, for a company or for the government)",SALESMAN,Working,
06 0443 117 0,1,35.41009453232455,06 1,06 0443,4,Coast/Urban,174,1,06,Coast,Urban,6.2347965,-57.518105,Other relative,Male,53,Secondary,,-1,1980 - 1989,Study,Caribbean country,Yes,"Employee (for another person, for a company or for the government)",CHECKER,Working,
06 0448 025 9,1,37.88960710969846,06 1,06 0448,4,Coast/Urban,174,2,06,Coast,Urban,6.249826,-57.510315,Spouse/ partner,Female,59,Secondary,,2000,,More income,Caribbean country,Yes,"Employee (for another person, for a company or for the government)",ASSISTANT ADMINISTRATION,Working,
06 0448 041 3,1,37.88960710969846,06 1,06 0448,6,Coast/Urban,174,2,06,Coast,Urban,6.2517109,-57.510071,Spouse/ partner,Female,59,Technical/Vocational Certificate or Diploma,CANNOT REMEMBER,2003,,Other,U.S.A.,Yes,"Employee (for another person, for a company or for the government)",OFFICE SUPERVISOR,Working,
06 0448 041 3,2,37.88960710969846,06 1,06 0448,6,Coast/Urban,174,2,06,Coast,Urban,6.2517109,-57.510071,Son/daughter,Male,33,Secondary,,2003,,Other,U.S.A.,Yes,"Employee (for another person, for a company or for the government)",LAWYER CLERK,Working,
06 0448 058 1,1,37.88960710969846,06 1,06 0448,5,Coast/Urban,174,2,06,Coast,Urban,6.2510829,-57.510349,Spouse/ partner,Female,25,University / Certificate /Diploma,SOCIAL WORK,2015,,Family Reunification,U.S.A.,Yes,"Employee (for another person, for a company or for the government)",PROBATION OFFICER,Working,
06 0448 065 4,1,37.88960710969846,06 1,06 0448,6,Coast/Urban,174,2,06,Coast,Urban,6.2516041,-57.510941,Grand/great-grand child,Female,25,Secondary,,2015,,Other,Canada,No,,,Don't know,Don't know
06 0452 017 5,1,34.79302764894257,06 1,06 0452,3,Coast/Urban,174,10,06,Coast,Urban,6.2456989,-57.514046,Son/daughter,Female,42,Secondary,,2010,,More income,Caribbean country,Yes,"Employee (for another person, for a company or for the government)",NURSING,Working,
06 0452 017 5,2,34.79302764894257,06 1,06 0452,3,Coast/Urban,174,10,06,Coast,Urban,6.2456989,-57.514046,Son/daughter,Female,42,Secondary,,1998,,More income,Great Britain,Yes,"Employee (for another person, for a company or for the government)",NURSING,Working,
06 0452 017 5,3,34.79302764894257,06 1,06 0452,3,Coast/Urban,174,10,06,Coast,Urban,6.2456989,-57.514046,Son/daughter,Male,40,Secondary,,2005,,More income,Caribbean country,Yes,"Employee (for another person, for a company or for the government)",ELECTRICTION,Working,
06 0452 017 5,4,34.79302764894257,06 1,06 0452,3,Coast/Urban,174,10,06,Coast,Urban,6.2456989,-57.514046,Son/daughter,Female,38,Secondary,,2004,,More income,Caribbean country,Yes,"Employee (for another person, for a company or for the government)",TEACHER,Working,
06 0452 060 9,1,34.79302764894257,06 1,06 0452,6,Coast/Urban,174,10,06,Coast,Urban,6.2469616,-57.512684,Son/daughter,Male,39,Secondary,,2017,,Work,U.S.A.,No,,,Working,
06 0452 060 9,2,34.79302764894257,06 1,06 0452,6,Coast/Urban,174,10,06,Coast,Urban,6.2469616,-57.512684,Son/daughter,Male,34,Secondary,,2006,,Work,U.S.A.,No,,,Working,
06 0452 060 9,3,34.79302764894257,06 1,06 0452,6,Coast/Urban,174,10,06,Coast,Urban,6.2469616,-57.512684,Son/daughter,Male,29,Secondary,,2006,,Work,U.S.A.,No,,,Working,
06 0463 219 2,1,35.75367337557331,06 1,06 0463,4,Coast/Urban,174,12,06,Coast,Urban,6.2370005,-57.514572,Son/daughter,Male,11,Primary,,2014,,Family Reunification,U.S.A.,,,,,
06 0467 013 8,1,31.79532019862303,06 1,06 0467,3,Coast/Urban,174,1,06,Coast,Urban,6.2219815,-57.523037,Other relative,Female,56,Primary,,1990,,Family Reunification,U.S.A.,Yes,Self-employed (without paid help),VENDER,Don't know,Don't know
06 0467 027 5,1,31.79532019862303,06 1,06 0467,3,Coast/Urban,174,1,06,Coast,Urban,6.2215762,-57.522171,Son/daughter,Male,37,Secondary,,2006,,Work,Caribbean country,Yes,"Employee (for another person, for a company or for the government)",SPRAY FORTILIZER,Working,
06 0467 032 1,1,31.79532019862303,06 1,06 0467,6,Coast/Urban,174,1,06,Coast,Urban,6.2220001,-57.521442,Son/daughter,Female,24,Secondary,,2017,,Marriage,U.S.A.,Yes,"Employee (for another person, for a company or for the government)",PRIMARY TEACHER,Working,
06 0467 032 1,2,31.79532019862303,06 1,06 0467,6,Coast/Urban,174,1,06,Coast,Urban,6.2220001,-57.521442,Grand/great-grand child,Male,3,None,,2017,,Family Reunification,U.S.A.,,,,,
06 0485 159 8,1,39.81347400390429,06 0,06 0485,6,Coast/Rural,174,2,06,Coast,Rural,6.1895919,-57.522366,Parent/parent-in-law,Female,41,Secondary,,2017,,Family Reunification,U.S.A.,No,,,Don't know,No
06 0485 159 8,2,39.81347400390429,06 0,06 0485,6,Coast/Rural,174,2,06,Coast,Rural,6.1895919,-57.522366,Other relative,Female,18,Secondary,,2017,,Family Reunification,U.S.A.,No,,,Studying,No
06 0485 159 8,3,39.81347400390429,06 0,06 0485,6,Coast/Rural,174,2,06,Coast,Rural,6.1895919,-57.522366,Other relative,Female,16,Secondary,,2017,,Family Reunification,U.S.A.,No,,,Studying,No
06 0485 194 1,1,39.81347400390429,06 0,06 0485,6,Coast/Rural,174,2,06,Coast,Rural,6.1902041,-57.521446,Son/daughter,Female,38,Secondary,,2016,,Marriage,U.S.A.,Yes,"Employee (for another person, for a company or for the government)",RADIO OPERATOR,Don't know,Don't know
06 0496 009 1,1,50.65863867781805,06 0,06 0496,3,Coast/Rural,174,4,06,Coast,Rural,6.1745138,-57.61795,Other relative,Female,45,Secondary,,2015,,Family Reunification,U.S.A.,Yes,"Employee (for another person, for a company or for the government)",TEACHING,Other,No
06 0496 009 1,2,50.65863867781805,06 0,06 0496,3,Coast/Rural,174,4,06,Coast,Rural,6.1745138,-57.61795,Other relative,Male,21,Secondary,,2015,,Study,U.S.A.,No,,,Studying,No
06 0496 009 1,3,50.65863867781805,06 0,06 0496,3,Coast/Rural,174,4,06,Coast,Rural,6.1745138,-57.61795,Other relative,Female,23,Technical/Vocational Certificate or Diploma,AGRICULTURAL SCIENCE,2015,,Family Reunification,U.S.A.,Yes,"Employee (for another person, for a company or for the government)",NAMILCO,Studying,Yes
06 0496 029 9,1,50.65863867781805,06 0,06 0496,6,Coast/Rural,174,4,06,Coast,Rural,6.1698885,-57.62368,Son/daughter,Female,39,Secondary,,2001,,Work,Caribbean country,Yes,"Employee (for another person, for a company or for the government)",SEAMSTRESS,Working,
08 0028 043 7,1,18.00760094674043,08 0,08 0028,5,Interior,174,7,08,Interior,Rural,4.6601887,-59.825417,Son/daughter,Female,24,Primary,,2009,,Work,Caribbean country,No,,,Working,
08 0034 079 3,1,27.56809898528197,08 0,08 0034,5,Interior,174,11,08,Interior,Rural,4.9307289,-59.98793,Son/daughter,Female,19,Secondary,,2015,,Work,South America,No,,,Working,
08 0034 086 1,1,27.56809898528197,08 0,08 0034,5,Interior,174,11,08,Interior,Rural,4.9274759,-59.986481,Son/daughter,Female,49,Primary,,2009,,More income,South America,No,,,Looking for work,Yes
08 0034 086 1,2,27.56809898528197,08 0,08 0034,5,Interior,174,11,08,Interior,Rural,4.9274759,-59.986481,Son/daughter,Female,33,Primary,,-1,1990 - 1999,Other,South America,No,,,Working,
08 0034 096 3,1,27.56809898528197,08 0,08 0034,4,Interior,174,11,08,Interior,Rural,4.9268408,-59.986286,Son/daughter,Male,24,Primary,,2012,,Work,Caribbean country,Yes,"Employee (for another person, for a company or for the government)",WELDER,Working,
09 0017 001 3,1,84.34718731640918,09 0,09 0017,3,Interior,174,11,09,Interior,Rural,4.1408911,-59.072216,Other relative,Female,-1,Primary,,-1,1990 - 1999,Work,South America,,,,,
09 0017 005 0,1,84.34718731640918,09 0,09 0017,4,Interior,174,11,09,Interior,Rural,4.1398931,-59.069019,Parent/parent-in-law,Female,-1,Primary,,-1,1990 - 1999,Other,South America,,,,,
09 0039 100 8,1,106.8274316760867,09 0,09 0039,4,Interior,174,2,09,Interior,Rural,3.3756974,-59.800179,Parent/parent-in-law,Male,-1,Don't know,-1,2009,,Family Reunification,U.S.A.,,,,,
09 0039 100 8,2,106.8274316760867,09 0,09 0039,4,Interior,174,2,09,Interior,Rural,3.3756974,-59.800179,Parent/parent-in-law,Female,-1,Don't know,-1,2009,,Family Reunification,U.S.A.,,,,,
09 0039 129 3,1,106.8274316760867,09 0,09 0039,3,Interior,174,2,09,Interior,Rural,3.3752663,-59.798618,Son/daughter,Male,-1,Secondary,,-1,1990 - 1999,Work,U.S.A.,,,,,
09 0039 129 3,2,106.8274316760867,09 0,09 0039,3,Interior,174,2,09,Interior,Rural,3.3752663,-59.798618,Son/daughter,Female,-1,Secondary,,-1,1990 - 1999,Don't know,U.S.A.,,,,,
09 0048 085 2,1,83.15297348429152,09 0,09 0048,6,Interior,174,4,09,Interior,Rural,3.3583739,-59.79948,Son/daughter,Female,36,Secondary,,1998,,Study,South America,No,,,Working,
09 0048 093 2,1,83.15297348429152,09 0,09 0048,3,Interior,174,4,09,Interior,Rural,3.3602293,-59.797718,Son/daughter,Female,21,Secondary,,-1,1990 - 1999,Don't know,South America,No,,,Studying,Don't know
09 0061 011 8,1,137.3095587816957,09 0,09 0061,4,Interior,174,10,09,Interior,Rural,3.0056651,-59.509495,Son/daughter,Female,-1,Primary,,-1,1990 - 1999,Other,South America,,,,,
09 0061 046 1,1,137.3095587816957,09 0,09 0061,3,Interior,174,10,09,Interior,Rural,2.9906158,-59.523983,Son/daughter,Female,52,Primary,,-1,1990 - 1999,Work,South America,Yes,Self-employed (without paid help),FARMER,Don't know,Don't know
09 0061 046 1,2,137.3095587816957,09 0,09 0061,3,Interior,174,10,09,Interior,Rural,2.9906158,-59.523983,Son/daughter,Male,39,Primary,,-1,2000 - 2009,Work,South America,Yes,"Employee (for another person, for a company or for the government)",CARPENTER,Don't know,Don't know
09 0061 058 6,1,137.3095587816957,09 0,09 0061,6,Interior,174,10,09,Interior,Rural,2.9887311,-59.523418,Son/daughter,Female,-1,Primary,,-1,1990 - 1999,Work,South America,,,,,
09 0061 058 6,2,137.3095587816957,09 0,09 0061,6,Interior,174,10,09,Interior,Rural,2.9887311,-59.523418,Son/daughter,Female,-1,Primary,,-1,1990 - 1999,More income,South America,,,,,
09 0061 058 6,3,137.3095587816957,09 0,09 0061,6,Interior,174,10,09,Interior,Rural,2.9887311,-59.523418,Son/daughter,Female,-1,Primary,,-1,1980 - 1989,Work,South America,,,,,
09 0061 069 1,1,137.3095587816957,09 0,09 0061,4,Interior,174,10,09,Interior,Rural,2.9873819,-59.526966,Son/daughter,Female,-1,Primary,,-1,2000 - 2009,Work,South America,,,,,
09 0061 069 1,2,137.3095587816957,09 0,09 0061,4,Interior,174,10,09,Interior,Rural,2.9873819,-59.526966,Son/daughter,Female,-1,Primary,,-1,2000 - 2009,Work,South America,,,,,
09 0061 069 1,3,137.3095587816957,09 0,09 0061,4,Interior,174,10,09,Interior,Rural,2.9873819,-59.526966,Son/daughter,Male,-1,Don't know,-1,-1,1990 - 1999,Don't know,South America,,,,,
09 0071 033 8,1,56.92583152066547,09 0,09 0071,4,Interior,174,10,09,Interior,Rural,2.6459787,-59.19574,Spouse/ partner,Male,47,Primary,,2017,,Work,South America,Yes,Self-employed (without paid help),FARMER,Working,
09 0071 046 5,1,56.92583152066547,09 0,09 0071,6,Interior,174,10,09,Interior,Rural,2.6469131,-59.198723,Son/daughter,Female,19,Secondary,,2017,,Work,South America,No,,,Working,
09 0071 059 8,1,56.92583152066547,09 0,09 0071,3,Interior,174,10,09,Interior,Rural,2.6632395,-59.194351,Son/daughter,Male,26,Primary,,2013,,Work,South America,No,,,Working,
09 0071 059 8,2,56.92583152066547,09 0,09 0071,3,Interior,174,10,09,Interior,Rural,2.6632395,-59.194351,Son/daughter,Male,25,Primary,,2013,,Work,South America,No,,,Don't know,Don't know
09 0071 066 9,1,56.92583152066547,09 0,09 0071,5,Interior,174,10,09,Interior,Rural,2.6813743,-59.1759,Son/daughter,Male,32,Primary,,-1,2000 - 2009,Work,South America,No,,,Working,
09 0071 066 9,2,56.92583152066547,09 0,09 0071,5,Interior,174,10,09,Interior,Rural,2.6813743,-59.1759,Son/daughter,Male,-1,Primary,,-1,1990 - 1999,Work,South America,,,,,
09 0071 066 9,3,56.92583152066547,09 0,09 0071,5,Interior,174,10,09,Interior,Rural,2.6813743,-59.1759,Son/daughter,Male,18,Secondary,,2012,,Work,South America,No,,,Working,
10 0011 040 0,1,24.9584335404784,10 1,10 0011,3,Coast/Urban,174,1,10,Coast,Urban,6.0191131,-58.274529,Son/daughter,Female,37,Short Cycle Tertiary,CHILD CARE AND CARE FOR THE ELDERLY,2010,,Family Reunification,U.S.A.,Yes,"Employee (for another person, for a company or for the government)",DAYCARE TEACHER,Working,
10 0011 040 0,2,24.9584335404784,10 1,10 0011,3,Coast/Urban,174,1,10,Coast,Urban,6.0191131,-58.274529,Grand/great-grand child,Male,18,Secondary,,2014,,Family Reunification,U.S.A.,No,,,Studying,No
10 0011 040 0,3,24.9584335404784,10 1,10 0011,3,Coast/Urban,174,1,10,Coast,Urban,6.0191131,-58.274529,Grand/great-grand child,Female,14,Secondary,,2013,,Family Reunification,U.S.A.,,,,,
10 0011 050 3,1,24.9584335404784,10 1,10 0011,5,Coast/Urban,174,1,10,Coast,Urban,6.0195332,-58.2742,Other relative,Female,72,Secondary,,1985,,Work,U.S.A.,Yes,"Employee (for another person, for a company or for the government)",CLERK,Retired,No
10 0013 094 8,1,29.34389473105342,10 1,10 0013,3,Coast/Urban,174,6,10,Coast,Urban,6.0205889,-58.266624,Non relative,Female,23,Secondary,,2016,,Work,Caribbean country,No,,,Studying,No
10 0013 110 1,1,29.34389473105342,10 1,10 0013,5,Coast/Urban,174,6,10,Coast,Urban,6.0197282,-58.26506,Son/daughter,Female,72,Secondary,,2017,,Other,U.S.A.,No,,,Don't know,No
10 0015 184 7,1,56.31646542466921,10 1,10 0015,5,Coast/Urban,174,1,10,Coast,Urban,6.0207872,-58.273125,Parent/parent-in-law,Female,54,Secondary,,2005,,Marriage,U.S.A.,Yes,"Employee (for another person, for a company or for the government)",STORES CLERK AT THE REGIONAL DEMOCRATIC COUNCIL,Working,
10 0015 184 7,2,56.31646542466921,10 1,10 0015,5,Coast/Urban,174,1,10,Coast,Urban,6.0207872,-58.273125,Other relative,Male,25,Technical/Vocational Certificate or Diploma,ELECTRICAL ENGINEERING,2016,,Family Reunification,U.S.A.,Yes,"Employee (for another person, for a company or for the government)",ELECTRICIAN,Working,
10 0024 387 0,1,39.94262340725854,10 1,10 0024,3,Coast/Urban,174,5,10,Coast,Urban,6.0109482,-58.287991,Spouse/ partner,Female,54,Secondary,,2014,,Family Reunification,U.S.A.,Yes,"Employee (for another person, for a company or for the government)",WARD MAID,Don't know,Don't know
10 0024 399 3,1,39.94262340725854,10 1,10 0024,5,Coast/Urban,174,5,10,Coast,Urban,6.0099277,-58.288433,Son/daughter,Female,50,Secondary,,2011,,Marriage,Other,Yes,"Employee (for another person, for a company or for the government)",TEACHER,Don't know,Don't know
10 0029 463 9,1,29.09814540025566,10 1,10 0029,6,Coast/Urban,174,4,10,Coast,Urban,6.0114498,-58.297569,Son/daughter,Female,35,Secondary,,2006,,Marriage,U.S.A.,Yes,Self-employed (without paid help),BUSINESS OWNER,Working,
10 0029 463 9,2,29.09814540025566,10 1,10 0029,6,Coast/Urban,174,4,10,Coast,Urban,6.0114498,-58.297569,Grand/great-grand child,Male,14,Primary,,2013,,Family Reunification,U.S.A.,,,,,
10 0033 572 3,1,36.66732828786333,10 1,10 0033,4,Coast/Urban,174,4,10,Coast,Urban,6.0096693,-58.303772,Son/daughter,Male,67,Post graduate Certificate or Diploma,PHD IN ECONOMICS,1974,,Family Reunification,U.S.A.,Yes,"Employee (for another person, for a company or for the government)",STORES CLERK,Working,
10 0033 572 3,2,36.66732828786333,10 1,10 0033,4,Coast/Urban,174,4,10,Coast,Urban,6.0096693,-58.303772,Son/daughter,Male,65,Masters,MASTERS IN INFORMATION TECHNOLOGY,1970,,Study,U.S.A.,Yes,"Employee (for another person, for a company or for the government)",POSTMAN,Working,
10 0047 122 0,1,52.58935734832497,10 1,10 0047,3,Coast/Urban,174,2,10,Coast,Urban,5.9912276,-58.303101,Son/daughter,Female,43,Secondary,,-1,2000 - 2009,Work,U.S.A.,Yes,"Employee (for another person, for a company or for the government)",OFFICE CLERK,Working,
10 0047 122 0,2,52.58935734832497,10 1,10 0047,3,Coast/Urban,174,2,10,Coast,Urban,5.9912276,-58.303101,Grand/great-grand child,Male,-1,Secondary,,-1,2000 - 2009,Family Reunification,U.S.A.,,,,,
10 0047 122 0,3,52.58935734832497,10 1,10 0047,3,Coast/Urban,174,2,10,Coast,Urban,5.9912276,-58.303101,Grand/great-grand child,Male,-1,Primary,,-1,2000 - 2009,Study,U.S.A.,,,,,
10 0047 122 0,4,52.58935734832497,10 1,10 0047,3,Coast/Urban,174,2,10,Coast,Urban,5.9912276,-58.303101,Grand/great-grand child,Female,-1,Primary,,-1,2000 - 2009,Don't know,U.S.A.,,,,,
10 0051 237 6,1,27.09292583653278,10 1,10 0051,5,Coast/Urban,174,11,10,Coast,Urban,6.0079575,-58.308178,Son/daughter,Female,38,Secondary,,2004,,Family Reunification,Caribbean country,No,,,Keeping the house,No
10 0054 032 5,1,22.97291713127532,10 1,10 0054,3,Coast/Urban,174,9,10,Coast,Urban,6.0089831,-58.316299,Step/ adopted child,Male,37,Secondary,,1999,,Family Reunification,U.S.A.,No,,,Working,
10 0058 037 7,1,26.1390855121402,10 1,10 0058,6,Coast/Urban,174,3,10,Coast,Urban,6.0067873,-58.311646,Grand/great-grand child,Female,37,Short Cycle Tertiary,COMPUTER SCIENCE,2016,,Other,Caribbean country,No,,,Keeping the house,No
10 0058 058 9,1,26.1390855121402,10 1,10 0058,4,Coast/Urban,174,3,10,Coast,Urban,6.0051975,-58.312294,Son/daughter,Male,61,Primary,,2004,,Marriage,U.S.A.,Yes,Self-employed (with paid help),BUS DRIVER,Working,
10 0061 125 0,1,32.67253690576785,10 1,10 0061,6,Coast/Urban,174,10,10,Coast,Urban,6.010613,-58.313652,Other relative,Female,51,Secondary,,-1,1980 - 1989,Family Reunification,Caribbean country,No,,,Don't know,Don't know
10 0061 125 0,2,32.67253690576785,10 1,10 0061,6,Coast/Urban,174,10,10,Coast,Urban,6.010613,-58.313652,Other relative,Female,47,Secondary,,-1,1990 - 1999,Marriage,U.S.A.,Yes,"Employee (for another person, for a company or for the government)",WAITRESS,Don't know,Don't know
10 0061 125 0,3,32.67253690576785,10 1,10 0061,6,Coast/Urban,174,10,10,Coast,Urban,6.010613,-58.313652,Other relative,Male,37,Secondary,,2000,,Work,U.S.A.,Yes,"Employee (for another person, for a company or for the government)",OPERATOR,Working,
10 0061 125 0,4,32.67253690576785,10 1,10 0061,6,Coast/Urban,174,10,10,Coast,Urban,6.010613,-58.313652,Other relative,Female,49,Secondary,,-1,1980 - 1989,Don't know,U.S.A.,No,,,Don't know,Don't know
10 0061 155 7,1,32.67253690576785,10 1,10 0061,3,Coast/Urban,174,10,10,Coast,Urban,6.010201,-58.312824,Step/ adopted child,Female,25,Secondary,,2004,,Family Reunification,U.S.A.,No,,,Working,
10 0061 175 1,1,32.67253690576785,10 1,10 0061,5,Coast/Urban,174,10,10,Coast,Urban,6.0089841,-58.313499,Son/daughter,Female,40,Secondary,,-1,1980 - 1989,Family Reunification,U.S.A.,No,,,Working,
10 0061 175 1,2,32.67253690576785,10 1,10 0061,5,Coast/Urban,174,10,10,Coast,Urban,6.0089841,-58.313499,Son/daughter,Female,40,Secondary,,-1,1980 - 1989,Family Reunification,U.S.A.,No,,,Working,
10 0061 175 1,3,32.67253690576785,10 1,10 0061,5,Coast/Urban,174,10,10,Coast,Urban,6.0089841,-58.313499,Son/daughter,Female,50,Secondary,,-1,1980 - 1989,Family Reunification,U.S.A.,No,,,Working,
10 0061 175 1,4,32.67253690576785,10 1,10 0061,5,Coast/Urban,174,10,10,Coast,Urban,6.0089841,-58.313499,Son/daughter,Female,30,Primary,,-1,1980 - 1989,Family Reunification,U.S.A.,No,,,Working,
10 0061 175 1,5,32.67253690576785,10 1,10 0061,5,Coast/Urban,174,10,10,Coast,Urban,6.0089841,-58.313499,Son/daughter,Female,46,Secondary,,-1,1980 - 1989,Family Reunification,U.S.A.,No,,,Working,
10 0070 421 6,1,33.18760497919788,10 1,10 0070,4,Coast/Urban,174,6,10,Coast,Urban,6.0250635,-58.301674,Parent/parent-in-law,Male,50,Secondary,,2013,,Family Reunification,U.S.A.,Yes,"Employee (for another person, for a company or for the government)",SEAMAN,Working,
10 0070 421 6,2,33.18760497919788,10 1,10 0070,4,Coast/Urban,174,6,10,Coast,Urban,6.0250635,-58.301674,Parent/parent-in-law,Female,46,Secondary,,2017,,Family Reunification,U.S.A.,No,,,Working,
10 0070 421 6,3,33.18760497919788,10 1,10 0070,4,Coast/Urban,174,6,10,Coast,Urban,6.0250635,-58.301674,Other relative,Female,28,Secondary,,2013,,Family Reunification,U.S.A.,No,,,Working,
10 0070 421 6,4,33.18760497919788,10 1,10 0070,4,Coast/Urban,174,6,10,Coast,Urban,6.0250635,-58.301674,Spouse/ partner,Female,26,Secondary,,2013,,Family Reunification,U.S.A.,No,,,Working,
10 0070 421 6,5,33.18760497919788,10 1,10 0070,4,Coast/Urban,174,6,10,Coast,Urban,6.0250635,-58.301674,Other relative,Female,23,Secondary,,2013,,Family Reunification,U.S.A.,No,,,Working,
10 0070 421 6,6,33.18760497919788,10 1,10 0070,4,Coast/Urban,174,6,10,Coast,Urban,6.0250635,-58.301674,Other relative,Female,21,Secondary,,2013,,Family Reunification,U.S.A.,No,,,Working,
10 0070 421 6,7,33.18760497919788,10 1,10 0070,4,Coast/Urban,174,6,10,Coast,Urban,6.0250635,-58.301674,Son/daughter,Female,6,None,,2016,,Family Reunification,U.S.A.,,,,,
10 0073 571 3,1,51.55994865129392,10 1,10 0073,3,Coast/Urban,174,10,10,Coast,Urban,6.0162687,-58.311596,Grand/great-grand child,Female,14,Primary,,-1,2010 or after,Study,Caribbean country,,,,,
10 0076 650 6,1,24.98392734389054,10 1,10 0076,6,Coast/Urban,174,7,10,Coast,Urban,6.0053444,-58.315228,Son/daughter,Male,84,Secondary,,1978,,Family Reunification,U.S.A.,Yes,"Employee (for another person, for a company or for the government)",CAPTIAN,Retired,No
10 0076 650 6,2,24.98392734389054,10 1,10 0076,6,Coast/Urban,174,7,10,Coast,Urban,6.0053444,-58.315228,Non relative,Female,77,Secondary,,1968,,Work,U.S.A.,No,,,Working,
10 0076 653 4,1,24.98392734389054,10 1,10 0076,6,Coast/Urban,174,7,10,Coast,Urban,6.0053401,-58.315289,Non relative,Female,69,Secondary,,2017,,Work,U.S.A.,Yes,"Employee (for another person, for a company or for the government)",SECURITY,Working,
10 0076 705 7,1,24.98392734389054,10 1,10 0076,5,Coast/Urban,174,7,10,Coast,Urban,6.0033522,-58.315254,Step/ adopted child,Female,35,Primary,,2007,,Family Reunification,U.S.A.,No,,,Working,
10 0079 722 7,1,31.76527905151797,10 1,10 0079,3,Coast/Urban,174,3,10,Coast,Urban,6.002358,-58.315109,Son/daughter,Male,17,Secondary,,2014,,Family Reunification,U.S.A.,No,,,Studying,No
10 0079 722 7,2,31.76527905151797,10 1,10 0079,3,Coast/Urban,174,3,10,Coast,Urban,6.002358,-58.315109,Son/daughter,Male,19,Primary,,2014,,Family Reunification,U.S.A.,No,,,Working,
10 0079 758 0,1,31.76527905151797,10 1,10 0079,3,Coast/Urban,174,3,10,Coast,Urban,6.0023832,-58.315002,Other relative,Male,58,University / Certificate /Diploma,MACHANICAL ENGINEERING,1987,,Family Reunification,U.S.A.,Yes,"Employee (for another person, for a company or for the government)",MEVHANICAL ENGINEERING,Working,
10 0084 848 1,1,28.4591191776717,10 1,10 0084,4,Coast/Urban,174,4,10,Coast,Urban,5.9971676,-58.313049,Son/daughter,Female,47,Secondary,,2001,,Family Reunification,Canada,No,,,Working,
10 0084 871 7,1,28.4591191776717,10 1,10 0084,6,Coast/Urban,174,4,10,Coast,Urban,5.9975438,-58.314892,Son/daughter,Male,43,Technical/Vocational Certificate or Diploma,MECHANIC,-1,2000 - 2009,Work,Caribbean country,Yes,"Employee (for another person, for a company or for the government)",MECHANIC,Working,
10 0084 871 7,2,28.4591191776717,10 1,10 0084,6,Coast/Urban,174,4,10,Coast,Urban,5.9975438,-58.314892,Son/daughter,Female,44,Post graduate Certificate or Diploma,NURSING,2002,,Work,Great Britain,Yes,"Employee (for another person, for a company or for the government)",NURSE,Working,
10 0084 871 7,3,28.4591191776717,10 1,10 0084,6,Coast/Urban,174,4,10,Coast,Urban,5.9975438,-58.314892,Son/daughter,Male,36,Secondary,,-1,2000 - 2009,Study,U.S.A.,Yes,"Employee (for another person, for a company or for the government)",TEACHER,Working,
10 0092 002 0,1,41.7000988371779,10 1,10 0092,3,Coast/Urban,174,3,10,Coast,Urban,6.001636,-58.328602,Son/daughter,Female,0,Secondary,,-1,1990 - 1999,Marriage,Other European country,,,,,
10 0092 002 0,2,41.7000988371779,10 1,10 0092,3,Coast/Urban,174,3,10,Coast,Urban,6.001636,-58.328602,Son/daughter,Female,0,Technical/Vocational Certificate or Diploma,EDUCATION,-1,2000 - 2009,Work,U.S.A.,,,,,
10 0092 002 0,3,41.7000988371779,10 1,10 0092,3,Coast/Urban,174,3,10,Coast,Urban,6.001636,-58.328602,Son/daughter,Female,0,Primary,,-1,1990 - 1999,Family Reunification,Other European country,,,,,
10 0092 021 7,1,41.7000988371779,10 1,10 0092,6,Coast/Urban,174,3,10,Coast,Urban,6.0013638,-58.330242,Other relative,Female,43,Secondary,,2012,,Marriage,U.S.A.,No,,,Don't know,Don't know
10 0092 054 8,1,41.7000988371779,10 1,10 0092,5,Coast/Urban,174,3,10,Coast,Urban,6.0031457,-58.332939,Other relative,Female,40,Primary,,1991,,Family Reunification,U.S.A.,No,,,Working,
10 0092 054 8,2,41.7000988371779,10 1,10 0092,5,Coast/Urban,174,3,10,Coast,Urban,6.0031457,-58.332939,Other relative,Female,36,Primary,,1991,,Family Reunification,U.S.A.,No,,,Working,
10 0092 054 8,3,41.7000988371779,10 1,10 0092,5,Coast/Urban,174,3,10,Coast,Urban,6.0031457,-58.332939,Other relative,Male,29,Primary,,1991,,Family Reunification,U.S.A.,No,,,Working,
10 0095 038 0,1,27.68812637632313,10 1,10 0095,4,Coast/Urban,174,7,10,Coast,Urban,5.9956808,-58.342655,Son/daughter,Female,39,Bachelor's degree,TECHNOLOGY,2009,,Marriage,U.S.A.,Yes,"Employee (for another person, for a company or for the government)",CUSTOMER SERVICE REP,Don't know,Don't know
10 0095 038 0,2,27.68812637632313,10 1,10 0095,4,Coast/Urban,174,7,10,Coast,Urban,5.9956808,-58.342655,Son/daughter-in-law,Male,20,Secondary,,2017,,Family Reunification,U.S.A.,No,,,Studying,No
10 0095 038 0,3,27.68812637632313,10 1,10 0095,4,Coast/Urban,174,7,10,Coast,Urban,5.9956808,-58.342655,Son/daughter,Male,33,Secondary,,2016,,Work,Caribbean country,No,,,Don't know,Don't know
10 0095 061 5,1,27.68812637632313,10 1,10 0095,5,Coast/Urban,174,7,10,Coast,Urban,5.9965758,-58.340942,Son/daughter,Female,50,Secondary,,2012,,Marriage,U.S.A.,Yes,"Employee (for another person, for a company or for the government)",NURSE,Working,
10 0095 061 5,2,27.68812637632313,10 1,10 0095,5,Coast/Urban,174,7,10,Coast,Urban,5.9965758,-58.340942,Son/daughter,Male,48,Secondary,,-1,2000 - 2009,Don't know,Other,No,,,Don't know,Don't know
10 0095 061 5,3,27.68812637632313,10 1,10 0095,5,Coast/Urban,174,7,10,Coast,Urban,5.9965758,-58.340942,Son/daughter,Female,40,Technical/Vocational Certificate or Diploma,EDUCATION,-1,2000 - 2009,Marriage,Caribbean country,Yes,"Employee (for another person, for a company or for the government)",SECONDARY TEACHER,Working,
10 0095 061 5,4,27.68812637632313,10 1,10 0095,5,Coast/Urban,174,7,10,Coast,Urban,5.9965758,-58.340942,Son/daughter,Male,38,Secondary,,-1,2000 - 2009,Work,Caribbean country,No,,,Working,
10 0095 071 2,1,27.68812637632313,10 1,10 0095,5,Coast/Urban,174,7,10,Coast,Urban,5.9979486,-58.339878,Spouse/ partner,Female,61,Secondary,,2010,,Family Reunification,U.S.A.,No,,,Other,No
10 0095 071 2,2,27.68812637632313,10 1,10 0095,5,Coast/Urban,174,7,10,Coast,Urban,5.9979486,-58.339878,Step/ adopted child,Female,42,Secondary,,2007,,Work,Caribbean country,Yes,Self-employed (without paid help),SELF EMPLOYED,Working,
10 0107 107 0,1,16.64739885933663,10 0,10 0107,4,Interior,174,2,10,Interior,Rural,5.940793,-58.3125,Other relative,Female,61,Secondary,,2011,,Family Reunification,U.S.A.,No,,,Don't know,Don't know
10 0107 107 0,2,16.64739885933663,10 0,10 0107,4,Interior,174,2,10,Interior,Rural,5.940793,-58.3125,Other relative,Male,56,Secondary,,2000,,Don't know,Other European country,Yes,"Employee (for another person, for a company or for the government)",STORE CLERK,Don't know,Don't know
10 0126 138 5,1,18.7250279852722,10 0,10 0126,6,Interior,174,6,10,Interior,Rural,5.5345459,-58.256187,Son/daughter,Male,30,Technical/Vocational Certificate or Diploma,MACHINE AND FITTINGS,2014,,Marriage,U.S.A.,Yes,"Employee (for another person, for a company or for the government)",OPERATOR,Working,
10 0126 157 8,1,18.7250279852722,10 0,10 0126,3,Interior,174,6,10,Interior,Rural,5.5339599,-58.257641,Son/daughter,Male,36,Secondary,,2010,,Marriage,U.S.A.,Yes,"Employee (for another person, for a company or for the government)",LOGGER,Working,
10 0137 191 6,1,31.74852246881726,10 0,10 0137,3,Interior,174,10,10,Interior,Rural,5.2952375,-58.695507,Non relative,Male,39,Secondary,,2014,,Family Reunification,U.S.A.,Yes,"Employee (for another person, for a company or for the government)",OFFICE WORKER,Working,
10 0174 145 5,1,37.67854499665078,10 0,10 0174,4,Interior,174,12,10,Interior,Rural,5.7806244,-57.744694,Son/daughter,Male,27,Technical/Vocational Certificate or Diploma,AGRICULTURE,2013,,Study,U.S.A.,Yes,"Employee (for another person, for a company or for the government)",MANAGER,Working,
10 0174 145 5,2,37.67854499665078,10 0,10 0174,4,Interior,174,12,10,Interior,Rural,5.7806244,-57.744694,Son/daughter,Female,26,Technical/Vocational Certificate or Diploma,COMPUTER SCIENCE,2012,,Marriage,U.S.A.,Yes,"Employee (for another person, for a company or for the government)",VOLUNTEER,Don't know,Don't know
10 0225 111 8,1,22.96957880167706,10 0,10 0225,3,Interior,174,9,10,Interior,Rural,5.2648277,-58.069897,Son/daughter,Male,39,Secondary,,2013,,Work,Other,Yes,"Employee (for another person, for a company or for the government)",LOGGING,Working,
10 0225 163 6,1,22.96957880167706,10 0,10 0225,6,Interior,174,9,10,Interior,Rural,5.262609,-58.063568,Parent/parent-in-law,Female,58,Secondary,,2013,,Other,U.S.A.,Yes,Self-employed (without paid help),CLOTHING,Keeping the house,No
10 0225 173 1,1,22.96957880167706,10 0,10 0225,4,Interior,174,9,10,Interior,Rural,5.2647805,-58.063515,Other relative,Female,25,Secondary,,2007,,Family Reunification,U.S.A.,No,,,Working,
10 0225 194 5,1,22.96957880167706,10 0,10 0225,3,Interior,174,9,10,Interior,Rural,5.2632642,-58.065533,Son/daughter,Female,58,Secondary,,1976,,Family Reunification,Canada,Yes,"Employee (for another person, for a company or for the government)",TEACHER,Working,
10 0225 194 5,2,22.96957880167706,10 0,10 0225,3,Interior,174,9,10,Interior,Rural,5.2632642,-58.065533,Son/daughter,Female,45,Secondary,,2012,,Family Reunification,U.S.A.,No,,,Working,
10 0225 194 5,3,22.96957880167706,10 0,10 0225,3,Interior,174,9,10,Interior,Rural,5.2632642,-58.065533,Son/daughter,Male,47,Secondary,,2011,,Family Reunification,Other,Yes,"Employee (for another person, for a company or for the government)",PLUMBER,Working,
10 0225 195 0,1,22.96957880167706,10 0,10 0225,3,Interior,174,9,10,Interior,Rural,5.2628536,-58.065422,Non relative,Male,65,Primary,,2005,,Work,Caribbean country,Yes,"Employee (for another person, for a company or for the government)",MECHANIC,Retired,No
10 0225 195 0,2,22.96957880167706,10 0,10 0225,3,Interior,174,9,10,Interior,Rural,5.2628536,-58.065422,Other relative,Female,62,Primary,,2000,,Family Reunification,Other,No,,,Other,No
